Egg.ID,Project.clutch.ID,Project.clutch.ID.x,Breeding.year,Analyses.breeding.habitat.type,Region.Country,Region.County,county,Region.central.longitude.coordinate,Region.central.latitude.coordinate,Clutch.size,Analyses.Clutch.Failure.Category,Incubation.type,Fertility,Hatching.outcome,Hatching.outcome.binomial,Analyses.Failed.egg.category,Embryo.stage,Ordinal.embryo.staging,Cooney.et.al.Phase.category
Headstart.egg.1,Headstart.Clutch.1,ECC_3.2022.1,2022,Military,England,Lincolnshire,['Lincolnshire'],-0.2388,53.111,3,Hatched,Headstart,Fertile,Hatched,1,Hatched,Hatched,46,Phase.4
Headstart.egg.2,Headstart.Clutch.1,ECC_3.2022.1,2022,Military,England,Lincolnshire,['Lincolnshire'],-0.2388,53.111,3,Hatched,Headstart,Fertile,Hatched,1,Hatched,Hatched,46,Phase.4
Headstart.egg.3,Headstart.Clutch.1,ECC_3.2022.1,2022,Military,England,Lincolnshire,['Lincolnshire'],-0.2388,53.111,3,Hatched,Headstart,Fertile,Hatched,1,Hatched,Hatched,46,Phase.4
Headstart.egg.4,Headstart.Clutch.2,ECC_3.2022.10,2022,Military,England,Lincolnshire,['Lincolnshire'],-0.2388,53.111,4,Failed,Headstart,Unclear,Unhatched,0,Failed,Unknown (but likely early) - BUT UNCLEAR FERTILITY,NA,NA
Headstart.egg.5,Headstart.Clutch.2,ECC_3.2022.10,2022,Military,England,Lincolnshire,['Lincolnshire'],-0.2388,53.111,4,Failed,Headstart,Fertile,Unhatched,0,Failed,Up to stage 4,2.5,Phase.1
Headstart.egg.6,Headstart.Clutch.2,ECC_3.2022.10,2022,Military,England,Lincolnshire,['Lincolnshire'],-0.2388,53.111,4,Failed,Headstart,Fertile,Hatched,1,Hatched,Hatched,46,Phase.4
Headstart.egg.7,Headstart.Clutch.2,ECC_3.2022.10,2022,Military,England,Lincolnshire,['Lincolnshire'],-0.2388,53.111,4,Failed,Headstart,Fertile,Hatched,1,Hatched,Hatched,46,Phase.4
Headstart.egg.8,Headstart.Clutch.3,ECC_3.2022.11,2022,Military,England,Norfolk,['Norfolk'],0.9647,52.6712,4,Hatched,Headstart,Fertile,Hatched,1,Hatched,Hatched,46,Phase.4
Headstart.egg.9,Headstart.Clutch.3,ECC_3.2022.11,2022,Military,England,Norfolk,['Norfolk'],0.9647,52.6712,4,Hatched,Headstart,Fertile,Hatched,1,Hatched,Hatched,46,Phase.4
Headstart.egg.10,Headstart.Clutch.3,ECC_3.2022.11,2022,Military,England,Norfolk,['Norfolk'],0.9647,52.6712,4,Hatched,Headstart,Fertile,Hatched,1,Hatched,Hatched,46,Phase.4
Headstart.egg.11,Headstart.Clutch.3,ECC_3.2022.11,2022,Military,England,Norfolk,['Norfolk'],0.9647,52.6712,4,Hatched,Headstart,Fertile,Hatched,1,Hatched,Hatched,46,Phase.4
Headstart.egg.12,Headstart.Clutch.4,ECC_3.2022.12,2022,Military,England,Lincolnshire,['Lincolnshire'],-0.2388,53.111,4,Failed,Headstart,Fertile,Unhatched,0,Failed,Early (unable to properly stage),NA,Phase.1
Headstart.egg.13,Headstart.Clutch.4,ECC_3.2022.12,2022,Military,England,Lincolnshire,['Lincolnshire'],-0.2388,53.111,4,Failed,Headstart,Fertile,Unhatched,0,Failed,Early (unable to properly stage),NA,Phase.1
Headstart.egg.14,Headstart.Clutch.4,ECC_3.2022.12,2022,Military,England,Lincolnshire,['Lincolnshire'],-0.2388,53.111,4,Failed,Headstart,Fertile,Hatched,1,Hatched,Hatched,46,Phase.4
Headstart.egg.15,Headstart.Clutch.4,ECC_3.2022.12,2022,Military,England,Lincolnshire,['Lincolnshire'],-0.2388,53.111,4,Failed,Headstart,Fertile,Hatched,1,Hatched,Hatched,46,Phase.4
Headstart.egg.16,Headstart.Clutch.5,ECC_3.2022.13,2022,Military,England,Norfolk,['Norfolk'],0.9647,52.6712,4,Hatched,Headstart,Fertile,Hatched,1,Hatched,Hatched,46,Phase.4
Headstart.egg.17,Headstart.Clutch.5,ECC_3.2022.13,2022,Military,England,Norfolk,['Norfolk'],0.9647,52.6712,4,Hatched,Headstart,Fertile,Hatched,1,Hatched,Hatched,46,Phase.4
Headstart.egg.18,Headstart.Clutch.5,ECC_3.2022.13,2022,Military,England,Norfolk,['Norfolk'],0.9647,52.6712,4,Hatched,Headstart,Fertile,Hatched,1,Hatched,Hatched,46,Phase.4
Headstart.egg.19,Headstart.Clutch.5,ECC_3.2022.13,2022,Military,England,Norfolk,['Norfolk'],0.9647,52.6712,4,Hatched,Headstart,Fertile,Hatched,1,Hatched,Hatched,46,Phase.4
Headstart.egg.20,Headstart.Clutch.6,ECC_3.2022.14,2022,Military,England,Norfolk,['Norfolk'],0.9647,52.6712,3,Hatched,Headstart,Fertile,Hatched,1,Hatched,Hatched,46,Phase.4
Headstart.egg.21,Headstart.Clutch.6,ECC_3.2022.14,2022,Military,England,Norfolk,['Norfolk'],0.9647,52.6712,3,Hatched,Headstart,Fertile,Hatched,1,Hatched,Hatched,46,Phase.4
Headstart.egg.22,Headstart.Clutch.6,ECC_3.2022.14,2022,Military,England,Norfolk,['Norfolk'],0.9647,52.6712,3,Hatched,Headstart,Fertile,Hatched,1,Hatched,Hatched,46,Phase.4
Headstart.egg.23,Headstart.Clutch.7,ECC_3.2022.15,2022,Military,England,Lincolnshire,['Lincolnshire'],-0.2388,53.111,4,Hatched,Headstart,Fertile,Hatched,1,Hatched,Hatched,46,Phase.4
Headstart.egg.24,Headstart.Clutch.7,ECC_3.2022.15,2022,Military,England,Lincolnshire,['Lincolnshire'],-0.2388,53.111,4,Hatched,Headstart,Fertile,Hatched,1,Hatched,Hatched,46,Phase.4
Headstart.egg.25,Headstart.Clutch.7,ECC_3.2022.15,2022,Military,England,Lincolnshire,['Lincolnshire'],-0.2388,53.111,4,Hatched,Headstart,Fertile,Hatched,1,Hatched,Hatched,46,Phase.4
Headstart.egg.26,Headstart.Clutch.7,ECC_3.2022.15,2022,Military,England,Lincolnshire,['Lincolnshire'],-0.2388,53.111,4,Hatched,Headstart,Fertile,Hatched,1,Hatched,Hatched,46,Phase.4
Headstart.egg.27,Headstart.Clutch.8,ECC_3.2022.2,2022,Military,England,Lincolnshire,['Lincolnshire'],-0.2388,53.111,4,Damaged,Headstart,Fertile,Hatched,1,Hatched,Hatched,46,Phase.4
Headstart.egg.28,Headstart.Clutch.8,ECC_3.2022.2,2022,Military,England,Lincolnshire,['Lincolnshire'],-0.2388,53.111,4,Damaged,Headstart,Fertile,Hatched,1,Hatched,Hatched,46,Phase.4
Headstart.egg.29,Headstart.Clutch.8,ECC_3.2022.2,2022,Military,England,Lincolnshire,['Lincolnshire'],-0.2388,53.111,4,Damaged,Headstart,Fertile,Hatched,1,Hatched,Hatched,46,Phase.4
Headstart.egg.30,Headstart.Clutch.9,ECC_3.2022.3,2022,Military,England,Lincolnshire,['Lincolnshire'],-0.2388,53.111,4,Failed,Headstart,Fertile,Unhatched,0,Failed,~27,27,Phase.2
Headstart.egg.31,Headstart.Clutch.9,ECC_3.2022.3,2022,Military,England,Lincolnshire,['Lincolnshire'],-0.2388,53.111,4,Failed,Headstart,Fertile,Hatched,1,Hatched,Hatched,46,Phase.4
Headstart.egg.32,Headstart.Clutch.9,ECC_3.2022.3,2022,Military,England,Lincolnshire,['Lincolnshire'],-0.2388,53.111,4,Failed,Headstart,Fertile,Hatched,1,Hatched,Hatched,46,Phase.4
Headstart.egg.33,Headstart.Clutch.9,ECC_3.2022.3,2022,Military,England,Lincolnshire,['Lincolnshire'],-0.2388,53.111,4,Failed,Headstart,Fertile,Hatched,1,Hatched,Hatched,46,Phase.4
Headstart.egg.34,Headstart.Clutch.10,ECC_3.2022.4,2022,Military,England,Lincolnshire,['Lincolnshire'],-0.2388,53.111,4,Failed,Headstart,Fertile,Unhatched,0,Failed,~25,25,Phase.2
Headstart.egg.35,Headstart.Clutch.10,ECC_3.2022.4,2022,Military,England,Lincolnshire,['Lincolnshire'],-0.2388,53.111,4,Failed,Headstart,Fertile,Hatched,1,Hatched,Hatched,46,Phase.4
Headstart.egg.36,Headstart.Clutch.10,ECC_3.2022.4,2022,Military,England,Lincolnshire,['Lincolnshire'],-0.2388,53.111,4,Failed,Headstart,Fertile,Hatched,1,Hatched,Hatched,46,Phase.4
Headstart.egg.37,Headstart.Clutch.10,ECC_3.2022.4,2022,Military,England,Lincolnshire,['Lincolnshire'],-0.2388,53.111,4,Failed,Headstart,Fertile,Hatched,1,Hatched,Hatched,46,Phase.4
Headstart.egg.38,Headstart.Clutch.11,ECC_3.2022.5,2022,Military,England,Norfolk,['Norfolk'],0.9647,52.6712,4,Damaged,Headstart,Fertile,Hatched,1,Hatched,Hatched,46,Phase.4
Headstart.egg.39,Headstart.Clutch.11,ECC_3.2022.5,2022,Military,England,Norfolk,['Norfolk'],0.9647,52.6712,4,Damaged,Headstart,Fertile,Hatched,1,Hatched,Hatched,46,Phase.4
Headstart.egg.40,Headstart.Clutch.11,ECC_3.2022.5,2022,Military,England,Norfolk,['Norfolk'],0.9647,52.6712,4,Damaged,Headstart,Fertile,Hatched,1,Hatched,Hatched,46,Phase.4
Headstart.egg.41,Headstart.Clutch.12,ECC_3.2022.6,2022,Military,England,Lincolnshire,['Lincolnshire'],-0.2388,53.111,4,Failed,Headstart,Fertile,Unhatched,0,Failed,Up to stage 8,4.5,Phase.1
Headstart.egg.42,Headstart.Clutch.12,ECC_3.2022.6,2022,Military,England,Lincolnshire,['Lincolnshire'],-0.2388,53.111,4,Failed,Headstart,Fertile,Hatched,1,Hatched,Hatched,46,Phase.4
Headstart.egg.43,Headstart.Clutch.12,ECC_3.2022.6,2022,Military,England,Lincolnshire,['Lincolnshire'],-0.2388,53.111,4,Failed,Headstart,Fertile,Hatched,1,Hatched,Hatched,46,Phase.4
Headstart.egg.44,Headstart.Clutch.12,ECC_3.2022.6,2022,Military,England,Lincolnshire,['Lincolnshire'],-0.2388,53.111,4,Failed,Headstart,Fertile,Hatched,1,Hatched,Hatched,46,Phase.4
Headstart.egg.45,Headstart.Clutch.13,ECC_3.2022.7,2022,Military,England,Lincolnshire,['Lincolnshire'],-0.2388,53.111,4,Hatched,Headstart,Fertile,Hatched,1,Hatched,Hatched,46,Phase.4
Headstart.egg.46,Headstart.Clutch.13,ECC_3.2022.7,2022,Military,England,Lincolnshire,['Lincolnshire'],-0.2388,53.111,4,Hatched,Headstart,Fertile,Hatched,1,Hatched,Hatched,46,Phase.4
Headstart.egg.47,Headstart.Clutch.13,ECC_3.2022.7,2022,Military,England,Lincolnshire,['Lincolnshire'],-0.2388,53.111,4,Hatched,Headstart,Fertile,Hatched,1,Hatched,Hatched,46,Phase.4
Headstart.egg.48,Headstart.Clutch.13,ECC_3.2022.7,2022,Military,England,Lincolnshire,['Lincolnshire'],-0.2388,53.111,4,Hatched,Headstart,Fertile,Hatched,1,Hatched,Hatched,46,Phase.4
Headstart.egg.49,Headstart.Clutch.14,ECC_3.2022.8,2022,Military,England,Lincolnshire,['Lincolnshire'],-0.2388,53.111,4,Hatched,Headstart,Fertile,Hatched,1,Hatched,Hatched,46,Phase.4
Headstart.egg.50,Headstart.Clutch.14,ECC_3.2022.8,2022,Military,England,Lincolnshire,['Lincolnshire'],-0.2388,53.111,4,Hatched,Headstart,Fertile,Hatched,1,Hatched,Hatched,46,Phase.4
Headstart.egg.51,Headstart.Clutch.14,ECC_3.2022.8,2022,Military,England,Lincolnshire,['Lincolnshire'],-0.2388,53.111,4,Hatched,Headstart,Fertile,Hatched,1,Hatched,Hatched,46,Phase.4
Headstart.egg.52,Headstart.Clutch.14,ECC_3.2022.8,2022,Military,England,Lincolnshire,['Lincolnshire'],-0.2388,53.111,4,Hatched,Headstart,Fertile,Hatched,1,Hatched,Hatched,46,Phase.4
Headstart.egg.53,Headstart.Clutch.15,ECC_3.2022.9,2022,Military,England,Norfolk,['Norfolk'],0.9647,52.6712,4,Failed,Headstart,Fertile,Unhatched,0,Failed,40 (after re-staging checks),40,Phase.3
Headstart.egg.54,Headstart.Clutch.15,ECC_3.2022.9,2022,Military,England,Norfolk,['Norfolk'],0.9647,52.6712,4,Failed,Headstart,Fertile,Hatched,1,Hatched,Hatched,46,Phase.4
Headstart.egg.55,Headstart.Clutch.15,ECC_3.2022.9,2022,Military,England,Norfolk,['Norfolk'],0.9647,52.6712,4,Failed,Headstart,Fertile,Hatched,1,Hatched,Hatched,46,Phase.4
Headstart.egg.56,Headstart.Clutch.15,ECC_3.2022.9,2022,Military,England,Norfolk,['Norfolk'],0.9647,52.6712,4,Failed,Headstart,Fertile,Hatched,1,Hatched,Hatched,46,Phase.4
Headstart.egg.57,Headstart.Clutch.16,ECC_8.2022.MN1,2022,Grassland,Republic of Ireland,Monaghan,County Monaghan,-6.9418,54.1619,4,Hatched,Headstart,Fertile,Hatched,1,Hatched,Hatched,46,Phase.4
Headstart.egg.58,Headstart.Clutch.16,ECC_8.2022.MN1,2022,Grassland,Republic of Ireland,Monaghan,County Monaghan,-6.9418,54.1619,4,Hatched,Headstart,Fertile,Hatched,1,Hatched,Hatched,46,Phase.4
Headstart.egg.59,Headstart.Clutch.16,ECC_8.2022.MN1,2022,Grassland,Republic of Ireland,Monaghan,County Monaghan,-6.9418,54.1619,4,Hatched,Headstart,Fertile,Hatched,1,Hatched,Hatched,46,Phase.4
Headstart.egg.60,Headstart.Clutch.16,ECC_8.2022.MN1,2022,Grassland,Republic of Ireland,Monaghan,County Monaghan,-6.9418,54.1619,4,Hatched,Headstart,Fertile,Hatched,1,Hatched,Hatched,46,Phase.4
Headstart.egg.61,Headstart.Clutch.17,ECC_9.2022.A9,2022,Grassland,England,North Yorkshire,['North Yorkshire'],-1.5503,54.0937,4,Failed,Headstart,Unclear,Unhatched,0,Failed,Unknown (but likely early) - BUT UNCLEAR FERTILITY,NA,NA
Headstart.egg.62,Headstart.Clutch.17,ECC_9.2022.A9,2022,Grassland,England,North Yorkshire,['North Yorkshire'],-1.5503,54.0937,4,Failed,Headstart,Fertile,Unhatched,0,Failed,Unclear but possibly between 4-10 (given that I think I had a tiny little embryo with a red dot (blood?)),7,Phase.1
Headstart.egg.63,Headstart.Clutch.17,ECC_9.2022.A9,2022,Grassland,England,North Yorkshire,['North Yorkshire'],-1.5503,54.0937,4,Failed,Headstart,Fertile,Unhatched,0,Failed,NA,NA,NA
Headstart.egg.64,Headstart.Clutch.17,ECC_9.2022.A9,2022,Grassland,England,North Yorkshire,['North Yorkshire'],-1.5503,54.0937,4,Failed,Headstart,Fertile,Hatched,1,Hatched,Hatched,46,Phase.4
Headstart.egg.65,Headstart.Clutch.18,ECC_21.2023.1.Dartmoor,2023,Military,England,North Yorkshire,['North Yorkshire'],-1.5503,54.0937,4,Hatched,Headstart,Fertile,Hatched,1,Hatched,Hatched,46,Phase.4
Headstart.egg.66,Headstart.Clutch.18,ECC_21.2023.1.Dartmoor,2023,Military,England,North Yorkshire,['North Yorkshire'],-1.5503,54.0937,4,Hatched,Headstart,Fertile,Hatched,1,Hatched,Hatched,46,Phase.4
Headstart.egg.67,Headstart.Clutch.18,ECC_21.2023.1.Dartmoor,2023,Military,England,North Yorkshire,['North Yorkshire'],-1.5503,54.0937,4,Hatched,Headstart,Fertile,Hatched,1,Hatched,Hatched,46,Phase.4
Headstart.egg.68,Headstart.Clutch.18,ECC_21.2023.1.Dartmoor,2023,Military,England,North Yorkshire,['North Yorkshire'],-1.5503,54.0937,4,Hatched,Headstart,Fertile,Hatched,1,Hatched,Hatched,46,Phase.4
Headstart.egg.69,Headstart.Clutch.19,ECC_21.2023.1.Shropshire,2023,NA,England,Shropshire,['Shropshire'],-2.7367,52.6221,3,Failed,Headstart,Fertile,Unhatched,0,Failed,~37,37,Phase.3
Headstart.egg.70,Headstart.Clutch.19,ECC_21.2023.1.Shropshire,2023,NA,England,Shropshire,['Shropshire'],-2.7367,52.6221,3,Failed,Headstart,Fertile,Hatched,1,Hatched,Hatched,46,Phase.4
Headstart.egg.71,Headstart.Clutch.19,ECC_21.2023.1.Shropshire,2023,NA,England,Shropshire,['Shropshire'],-2.7367,52.6221,3,Failed,Headstart,Fertile,Hatched,1,Hatched,Hatched,46,Phase.4
Headstart.egg.72,Headstart.Clutch.20,ECC_21.2023.10.Dartmoor,2023,Military,England,North Yorkshire,['North Yorkshire'],-1.5503,54.0937,4,Failed,Headstart,Fertile,Unhatched,0,Failed,<10,5.5,Phase.1
Headstart.egg.73,Headstart.Clutch.20,ECC_21.2023.10.Dartmoor,2023,Military,England,North Yorkshire,['North Yorkshire'],-1.5503,54.0937,4,Failed,Headstart,Fertile,Hatched,1,Hatched,Hatched,46,Phase.4
Headstart.egg.74,Headstart.Clutch.20,ECC_21.2023.10.Dartmoor,2023,Military,England,North Yorkshire,['North Yorkshire'],-1.5503,54.0937,4,Failed,Headstart,Fertile,Hatched,1,Hatched,Hatched,46,Phase.4
Headstart.egg.75,Headstart.Clutch.20,ECC_21.2023.10.Dartmoor,2023,Military,England,North Yorkshire,['North Yorkshire'],-1.5503,54.0937,4,Failed,Headstart,Fertile,Hatched,1,Hatched,Hatched,46,Phase.4
Headstart.egg.76,Headstart.Clutch.21,ECC_21.2023.10.Shropshire,2023,NA,England,Shropshire,['Shropshire'],-2.7367,52.6221,4,Hatched,Headstart,Fertile,Hatched,1,Hatched,Hatched,46,Phase.4
Headstart.egg.77,Headstart.Clutch.21,ECC_21.2023.10.Shropshire,2023,NA,England,Shropshire,['Shropshire'],-2.7367,52.6221,4,Hatched,Headstart,Fertile,Hatched,1,Hatched,Hatched,46,Phase.4
Headstart.egg.78,Headstart.Clutch.21,ECC_21.2023.10.Shropshire,2023,NA,England,Shropshire,['Shropshire'],-2.7367,52.6221,4,Hatched,Headstart,Fertile,Hatched,1,Hatched,Hatched,46,Phase.4
Headstart.egg.79,Headstart.Clutch.21,ECC_21.2023.10.Shropshire,2023,NA,England,Shropshire,['Shropshire'],-2.7367,52.6221,4,Hatched,Headstart,Fertile,Hatched,1,Hatched,Hatched,46,Phase.4
Headstart.egg.80,Headstart.Clutch.22,ECC_21.2023.11.Dartmoor,2023,NA,England,NA,NA,NA,NA,3,Failed,Headstart,Fertile,Unhatched,0,Failed,<10,5.5,Phase.1
Headstart.egg.81,Headstart.Clutch.22,ECC_21.2023.11.Dartmoor,2023,NA,England,NA,NA,NA,NA,3,Failed,Headstart,Fertile,Hatched,1,Hatched,Hatched,46,Phase.4
Headstart.egg.82,Headstart.Clutch.22,ECC_21.2023.11.Dartmoor,2023,NA,England,NA,NA,NA,NA,3,Failed,Headstart,Fertile,Hatched,1,Hatched,Hatched,46,Phase.4
Headstart.egg.83,Headstart.Clutch.23,ECC_21.2023.11.Shropshire,2023,NA,England,Shropshire,['Shropshire'],-2.7367,52.6221,3,Hatched,Headstart,Fertile,Hatched,1,Hatched,Hatched,46,Phase.4
Headstart.egg.84,Headstart.Clutch.23,ECC_21.2023.11.Shropshire,2023,NA,England,Shropshire,['Shropshire'],-2.7367,52.6221,3,Hatched,Headstart,Fertile,Hatched,1,Hatched,Hatched,46,Phase.4
Headstart.egg.85,Headstart.Clutch.23,ECC_21.2023.11.Shropshire,2023,NA,England,Shropshire,['Shropshire'],-2.7367,52.6221,3,Hatched,Headstart,Fertile,Hatched,1,Hatched,Hatched,46,Phase.4
Headstart.egg.86,Headstart.Clutch.24,ECC_21.2023.12.Shropshire,2023,NA,England,Shropshire,['Shropshire'],-2.7367,52.6221,3,Hatched,Headstart,Fertile,Hatched,1,Hatched,Hatched,46,Phase.4
Headstart.egg.87,Headstart.Clutch.24,ECC_21.2023.12.Shropshire,2023,NA,England,Shropshire,['Shropshire'],-2.7367,52.6221,3,Hatched,Headstart,Fertile,Hatched,1,Hatched,Hatched,46,Phase.4
Headstart.egg.88,Headstart.Clutch.24,ECC_21.2023.12.Shropshire,2023,NA,England,Shropshire,['Shropshire'],-2.7367,52.6221,3,Hatched,Headstart,Fertile,Hatched,1,Hatched,Hatched,46,Phase.4
Headstart.egg.89,Headstart.Clutch.25,ECC_21.2023.2.Dartmoor,2023,Military,England,Cambridgeshire,['Cambridgeshire'],-0.2351,52.3497,3,Failed,Headstart,Fertile,Unhatched,0,Failed,<10,5.5,Phase.1
Headstart.egg.90,Headstart.Clutch.25,ECC_21.2023.2.Dartmoor,2023,Military,England,Cambridgeshire,['Cambridgeshire'],-0.2351,52.3497,3,Failed,Headstart,Fertile,Hatched,1,Hatched,Hatched,46,Phase.4
Headstart.egg.91,Headstart.Clutch.25,ECC_21.2023.2.Dartmoor,2023,Military,England,Cambridgeshire,['Cambridgeshire'],-0.2351,52.3497,3,Failed,Headstart,Fertile,Hatched,1,Hatched,Hatched,46,Phase.4
Headstart.egg.92,Headstart.Clutch.26,ECC_21.2023.2.Shropshire,2023,NA,England,Shropshire,['Shropshire'],-2.7367,52.6221,3,Hatched,Headstart,Fertile,Hatched,1,Hatched,Hatched,46,Phase.4
Headstart.egg.93,Headstart.Clutch.26,ECC_21.2023.2.Shropshire,2023,NA,England,Shropshire,['Shropshire'],-2.7367,52.6221,3,Hatched,Headstart,Fertile,Hatched,1,Hatched,Hatched,46,Phase.4
Headstart.egg.94,Headstart.Clutch.26,ECC_21.2023.2.Shropshire,2023,NA,England,Shropshire,['Shropshire'],-2.7367,52.6221,3,Hatched,Headstart,Fertile,Hatched,1,Hatched,Hatched,46,Phase.4
Headstart.egg.95,Headstart.Clutch.27,ECC_21.2023.3.Dartmoor,2023,Military,England,Lincolnshire,['Lincolnshire'],-0.2388,53.111,4,Hatched,Headstart,Fertile,Hatched,1,Hatched,Hatched,46,Phase.4
Headstart.egg.96,Headstart.Clutch.27,ECC_21.2023.3.Dartmoor,2023,Military,England,Lincolnshire,['Lincolnshire'],-0.2388,53.111,4,Hatched,Headstart,Fertile,Hatched,1,Hatched,Hatched,46,Phase.4
Headstart.egg.97,Headstart.Clutch.27,ECC_21.2023.3.Dartmoor,2023,Military,England,Lincolnshire,['Lincolnshire'],-0.2388,53.111,4,Hatched,Headstart,Fertile,Hatched,1,Hatched,Hatched,46,Phase.4
Headstart.egg.98,Headstart.Clutch.27,ECC_21.2023.3.Dartmoor,2023,Military,England,Lincolnshire,['Lincolnshire'],-0.2388,53.111,4,Hatched,Headstart,Fertile,Hatched,1,Hatched,Hatched,46,Phase.4
Headstart.egg.99,Headstart.Clutch.28,ECC_21.2023.3.Shropshire,2023,NA,England,Shropshire,['Shropshire'],-2.7367,52.6221,3,Hatched,Headstart,Fertile,Hatched,1,Hatched,Hatched,46,Phase.4
Headstart.egg.100,Headstart.Clutch.28,ECC_21.2023.3.Shropshire,2023,NA,England,Shropshire,['Shropshire'],-2.7367,52.6221,3,Hatched,Headstart,Fertile,Hatched,1,Hatched,Hatched,46,Phase.4
Headstart.egg.101,Headstart.Clutch.28,ECC_21.2023.3.Shropshire,2023,NA,England,Shropshire,['Shropshire'],-2.7367,52.6221,3,Hatched,Headstart,Fertile,Hatched,1,Hatched,Hatched,46,Phase.4
Headstart.egg.102,Headstart.Clutch.29,ECC_21.2023.4.Dartmoor,2023,Military,England,Lincolnshire,['Lincolnshire'],-0.2388,53.111,1,Hatched,Headstart,Fertile,Hatched,1,Hatched,Hatched,46,Phase.4
Headstart.egg.103,Headstart.Clutch.30,ECC_21.2023.4.Shropshire,2023,NA,England,Shropshire,['Shropshire'],-2.7367,52.6221,4,Hatched,Headstart,Fertile,Hatched,1,Hatched,Hatched,46,Phase.4
Headstart.egg.104,Headstart.Clutch.30,ECC_21.2023.4.Shropshire,2023,NA,England,Shropshire,['Shropshire'],-2.7367,52.6221,4,Hatched,Headstart,Fertile,Hatched,1,Hatched,Hatched,46,Phase.4
Headstart.egg.105,Headstart.Clutch.30,ECC_21.2023.4.Shropshire,2023,NA,England,Shropshire,['Shropshire'],-2.7367,52.6221,4,Hatched,Headstart,Fertile,Hatched,1,Hatched,Hatched,46,Phase.4
Headstart.egg.106,Headstart.Clutch.30,ECC_21.2023.4.Shropshire,2023,NA,England,Shropshire,['Shropshire'],-2.7367,52.6221,4,Hatched,Headstart,Fertile,Hatched,1,Hatched,Hatched,46,Phase.4
Headstart.egg.107,Headstart.Clutch.31,ECC_21.2023.5.Dartmoor,2023,Military,England,Norfolk,['Norfolk'],0.9647,52.6712,4,Hatched,Headstart,Fertile,Hatched,1,Hatched,Hatched,46,Phase.4
Headstart.egg.108,Headstart.Clutch.31,ECC_21.2023.5.Dartmoor,2023,Military,England,Norfolk,['Norfolk'],0.9647,52.6712,4,Hatched,Headstart,Fertile,Hatched,1,Hatched,Hatched,46,Phase.4
Headstart.egg.109,Headstart.Clutch.31,ECC_21.2023.5.Dartmoor,2023,Military,England,Norfolk,['Norfolk'],0.9647,52.6712,4,Hatched,Headstart,Fertile,Hatched,1,Hatched,Hatched,46,Phase.4
Headstart.egg.110,Headstart.Clutch.31,ECC_21.2023.5.Dartmoor,2023,Military,England,Norfolk,['Norfolk'],0.9647,52.6712,4,Hatched,Headstart,Fertile,Hatched,1,Hatched,Hatched,46,Phase.4
Headstart.egg.111,Headstart.Clutch.32,ECC_21.2023.5.Shropshire,2023,NA,England,Shropshire,['Shropshire'],-2.7367,52.6221,3,Failed,Headstart,Fertile,Unhatched,0,Failed,23-25(?),24,Phase.1
Headstart.egg.112,Headstart.Clutch.32,ECC_21.2023.5.Shropshire,2023,NA,England,Shropshire,['Shropshire'],-2.7367,52.6221,3,Failed,Headstart,Fertile,Hatched,1,Hatched,Hatched,46,Phase.4
Headstart.egg.113,Headstart.Clutch.32,ECC_21.2023.5.Shropshire,2023,NA,England,Shropshire,['Shropshire'],-2.7367,52.6221,3,Failed,Headstart,Fertile,Hatched,1,Hatched,Hatched,46,Phase.4
Headstart.egg.114,Headstart.Clutch.33,ECC_21.2023.6.Dartmoor,2023,Military,England,Norfolk,['Norfolk'],0.9647,52.6712,4,Hatched,Headstart,Fertile,Hatched,1,Hatched,Hatched,46,Phase.4
Headstart.egg.115,Headstart.Clutch.33,ECC_21.2023.6.Dartmoor,2023,Military,England,Norfolk,['Norfolk'],0.9647,52.6712,4,Hatched,Headstart,Fertile,Hatched,1,Hatched,Hatched,46,Phase.4
Headstart.egg.116,Headstart.Clutch.33,ECC_21.2023.6.Dartmoor,2023,Military,England,Norfolk,['Norfolk'],0.9647,52.6712,4,Hatched,Headstart,Fertile,Hatched,1,Hatched,Hatched,46,Phase.4
Headstart.egg.117,Headstart.Clutch.33,ECC_21.2023.6.Dartmoor,2023,Military,England,Norfolk,['Norfolk'],0.9647,52.6712,4,Hatched,Headstart,Fertile,Hatched,1,Hatched,Hatched,46,Phase.4
Headstart.egg.118,Headstart.Clutch.34,ECC_21.2023.6.Shropshire,2023,NA,England,Shropshire,['Shropshire'],-2.7367,52.6221,2,Failed,Headstart,Fertile,Unhatched,0,Failed,~28,28,Phase.2
Headstart.egg.119,Headstart.Clutch.34,ECC_21.2023.6.Shropshire,2023,NA,England,Shropshire,['Shropshire'],-2.7367,52.6221,2,Failed,Headstart,Fertile,Hatched,1,Hatched,Hatched,46,Phase.4
Headstart.egg.120,Headstart.Clutch.35,ECC_21.2023.7.Dartmoor,2023,Military,England,North Yorkshire,['North Yorkshire'],-1.5503,54.0937,4,Hatched,Headstart,Fertile,Hatched,1,Hatched,Hatched,46,Phase.4
Headstart.egg.121,Headstart.Clutch.35,ECC_21.2023.7.Dartmoor,2023,Military,England,North Yorkshire,['North Yorkshire'],-1.5503,54.0937,4,Hatched,Headstart,Fertile,Hatched,1,Hatched,Hatched,46,Phase.4
Headstart.egg.122,Headstart.Clutch.35,ECC_21.2023.7.Dartmoor,2023,Military,England,North Yorkshire,['North Yorkshire'],-1.5503,54.0937,4,Hatched,Headstart,Fertile,Hatched,1,Hatched,Hatched,46,Phase.4
Headstart.egg.123,Headstart.Clutch.35,ECC_21.2023.7.Dartmoor,2023,Military,England,North Yorkshire,['North Yorkshire'],-1.5503,54.0937,4,Hatched,Headstart,Fertile,Hatched,1,Hatched,Hatched,46,Phase.4
Headstart.egg.124,Headstart.Clutch.36,ECC_21.2023.7.Shropshire,2023,NA,England,Shropshire,['Shropshire'],-2.7367,52.6221,4,Failed,Headstart,Fertile,Unhatched,0,Failed,45,45,Phase.3
Headstart.egg.125,Headstart.Clutch.36,ECC_21.2023.7.Shropshire,2023,NA,England,Shropshire,['Shropshire'],-2.7367,52.6221,4,Failed,Headstart,Fertile,Hatched,1,Hatched,Hatched,46,Phase.4
Headstart.egg.126,Headstart.Clutch.36,ECC_21.2023.7.Shropshire,2023,NA,England,Shropshire,['Shropshire'],-2.7367,52.6221,4,Failed,Headstart,Fertile,Hatched,1,Hatched,Hatched,46,Phase.4
Headstart.egg.127,Headstart.Clutch.36,ECC_21.2023.7.Shropshire,2023,NA,England,Shropshire,['Shropshire'],-2.7367,52.6221,4,Failed,Headstart,Fertile,Hatched,1,Hatched,Hatched,46,Phase.4
Headstart.egg.128,Headstart.Clutch.37,ECC_21.2023.8.Dartmoor,2023,Military,England,Lincolnshire,['Lincolnshire'],-0.2388,53.111,4,Hatched,Headstart,Fertile,Hatched,1,Hatched,Hatched,46,Phase.4
Headstart.egg.129,Headstart.Clutch.37,ECC_21.2023.8.Dartmoor,2023,Military,England,Lincolnshire,['Lincolnshire'],-0.2388,53.111,4,Hatched,Headstart,Fertile,Hatched,1,Hatched,Hatched,46,Phase.4
Headstart.egg.130,Headstart.Clutch.37,ECC_21.2023.8.Dartmoor,2023,Military,England,Lincolnshire,['Lincolnshire'],-0.2388,53.111,4,Hatched,Headstart,Fertile,Hatched,1,Hatched,Hatched,46,Phase.4
Headstart.egg.131,Headstart.Clutch.37,ECC_21.2023.8.Dartmoor,2023,Military,England,Lincolnshire,['Lincolnshire'],-0.2388,53.111,4,Hatched,Headstart,Fertile,Hatched,1,Hatched,Hatched,46,Phase.4
Headstart.egg.132,Headstart.Clutch.38,ECC_21.2023.8.Shropshire,2023,NA,England,Shropshire,['Shropshire'],-2.7367,52.6221,3,Hatched,Headstart,Fertile,Hatched,1,Hatched,Hatched,46,Phase.4
Headstart.egg.133,Headstart.Clutch.38,ECC_21.2023.8.Shropshire,2023,NA,England,Shropshire,['Shropshire'],-2.7367,52.6221,3,Hatched,Headstart,Fertile,Hatched,1,Hatched,Hatched,46,Phase.4
Headstart.egg.134,Headstart.Clutch.38,ECC_21.2023.8.Shropshire,2023,NA,England,Shropshire,['Shropshire'],-2.7367,52.6221,3,Hatched,Headstart,Fertile,Hatched,1,Hatched,Hatched,46,Phase.4
Headstart.egg.135,Headstart.Clutch.39,ECC_21.2023.9.Dartmoor,2023,Military,England,Lincolnshire,['Lincolnshire'],-0.2388,53.111,3,Failed,Headstart,Fertile,Unhatched,0,Failed,45,45,Phase.3
Headstart.egg.136,Headstart.Clutch.39,ECC_21.2023.9.Dartmoor,2023,Military,England,Lincolnshire,['Lincolnshire'],-0.2388,53.111,3,Failed,Headstart,Fertile,Hatched,1,Hatched,Hatched,46,Phase.4
Headstart.egg.137,Headstart.Clutch.39,ECC_21.2023.9.Dartmoor,2023,Military,England,Lincolnshire,['Lincolnshire'],-0.2388,53.111,3,Failed,Headstart,Fertile,Hatched,1,Hatched,Hatched,46,Phase.4
Headstart.egg.138,Headstart.Clutch.40,ECC_21.2023.9.Shropshire,2023,NA,England,Shropshire,['Shropshire'],-2.7367,52.6221,4,Hatched,Headstart,Fertile,Hatched,1,Hatched,Hatched,46,Phase.4
Headstart.egg.139,Headstart.Clutch.40,ECC_21.2023.9.Shropshire,2023,NA,England,Shropshire,['Shropshire'],-2.7367,52.6221,4,Hatched,Headstart,Fertile,Hatched,1,Hatched,Hatched,46,Phase.4
Headstart.egg.140,Headstart.Clutch.40,ECC_21.2023.9.Shropshire,2023,NA,England,Shropshire,['Shropshire'],-2.7367,52.6221,4,Hatched,Headstart,Fertile,Hatched,1,Hatched,Hatched,46,Phase.4
Headstart.egg.141,Headstart.Clutch.40,ECC_21.2023.9.Shropshire,2023,NA,England,Shropshire,['Shropshire'],-2.7367,52.6221,4,Hatched,Headstart,Fertile,Hatched,1,Hatched,Hatched,46,Phase.4
Headstart.egg.142,Headstart.Clutch.41,ECC_3.2023.1,2023,Military,England,NA,NA,NA,NA,4,Hatched,Headstart,Fertile,Hatched,1,Hatched,Hatched,46,Phase.4
Headstart.egg.143,Headstart.Clutch.41,ECC_3.2023.1,2023,Military,England,NA,NA,NA,NA,4,Hatched,Headstart,Fertile,Hatched,1,Hatched,Hatched,46,Phase.4
Headstart.egg.144,Headstart.Clutch.41,ECC_3.2023.1,2023,Military,England,NA,NA,NA,NA,4,Hatched,Headstart,Fertile,Hatched,1,Hatched,Hatched,46,Phase.4
Headstart.egg.145,Headstart.Clutch.41,ECC_3.2023.1,2023,Military,England,NA,NA,NA,NA,4,Hatched,Headstart,Fertile,Hatched,1,Hatched,Hatched,46,Phase.4
Headstart.egg.146,Headstart.Clutch.42,ECC_3.2023.15,2023,Military,England,Lincolnshire,['Lincolnshire'],-0.2388,53.111,4,Mixed,Headstart,Fertile,Unhatched,0,Failed,Approx 4-6,5,Phase.1
Headstart.egg.147,Headstart.Clutch.42,ECC_3.2023.15,2023,Military,England,Lincolnshire,['Lincolnshire'],-0.2388,53.111,4,Mixed,Headstart,Fertile,Unhatched,0,Failed,Early stage (<10),5.5,Phase.1
Headstart.egg.148,Headstart.Clutch.42,ECC_3.2023.15,2023,Military,England,Lincolnshire,['Lincolnshire'],-0.2388,53.111,4,Mixed,Headstart,Unknown,Unhatched,0,Failed,Unknown,NA,NA
Headstart.egg.149,Headstart.Clutch.43,ECC_3.2023.18,2023,Military,England,Norfolk,['Norfolk'],0.9647,52.6712,4,Failed,Headstart,Fertile,Unhatched,0,Failed,Based on photos provided - late stage 43-44?,43.5,Phase.3
Headstart.egg.150,Headstart.Clutch.43,ECC_3.2023.18,2023,Military,England,Norfolk,['Norfolk'],0.9647,52.6712,4,Failed,Headstart,Fertile,Hatched,1,Hatched,Hatched,46,Phase.4
Headstart.egg.151,Headstart.Clutch.43,ECC_3.2023.18,2023,Military,England,Norfolk,['Norfolk'],0.9647,52.6712,4,Failed,Headstart,Fertile,Hatched,1,Hatched,Hatched,46,Phase.4
Headstart.egg.152,Headstart.Clutch.43,ECC_3.2023.18,2023,Military,England,Norfolk,['Norfolk'],0.9647,52.6712,4,Failed,Headstart,Fertile,Hatched,1,Hatched,Hatched,46,Phase.4
Headstart.egg.153,Headstart.Clutch.44,ECC_3.2023.3,2023,Military,England,Lincolnshire,['Lincolnshire'],-0.2388,53.111,4,Failed,Headstart,Fertile,Unhatched,0,Failed,45,45,Phase.3
Headstart.egg.154,Headstart.Clutch.44,ECC_3.2023.3,2023,Military,England,Lincolnshire,['Lincolnshire'],-0.2388,53.111,4,Failed,Headstart,Fertile,Unhatched,0,Failed,45,45,Phase.3
Headstart.egg.155,Headstart.Clutch.44,ECC_3.2023.3,2023,Military,England,Lincolnshire,['Lincolnshire'],-0.2388,53.111,4,Failed,Headstart,Fertile,Hatched,1,Hatched,Hatched,46,Phase.4
Headstart.egg.156,Headstart.Clutch.44,ECC_3.2023.3,2023,Military,England,Lincolnshire,['Lincolnshire'],-0.2388,53.111,4,Failed,Headstart,Fertile,Hatched,1,Hatched,Hatched,46,Phase.4
Headstart.egg.157,Headstart.Clutch.45,ECC_3.2023.6A,2023,Military,England,Lincolnshire,['Lincolnshire'],-0.2388,53.111,2,Failed,Headstart,Fertile,Unhatched,0,Failed,Based on photos provided - late stage 42?,42,Phase.3
Headstart.egg.158,Headstart.Clutch.45,ECC_3.2023.6A,2023,Military,England,Lincolnshire,['Lincolnshire'],-0.2388,53.111,2,Failed,Headstart,Fertile,Hatched,1,Hatched,Hatched,46,Phase.4
Headstart.egg.159,Headstart.Clutch.46,ECC_3.2023.7,2023,Military,England,Lincolnshire,['Lincolnshire'],-0.2388,53.111,3,Failed,Headstart,Fertile,Unhatched,0,Failed,45,45,Phase.3
Headstart.egg.160,Headstart.Clutch.46,ECC_3.2023.7,2023,Military,England,Lincolnshire,['Lincolnshire'],-0.2388,53.111,3,Failed,Headstart,Fertile,Unhatched,0,Failed,Unclear but definitely late stage,NA,Phase.3
Headstart.egg.161,Headstart.Clutch.46,ECC_3.2023.7,2023,Military,England,Lincolnshire,['Lincolnshire'],-0.2388,53.111,3,Failed,Headstart,Fertile,Unhatched,0,Failed,45,45,Phase.3
Headstart.egg.162,Headstart.Clutch.47,ECC_9.2023.10,2023,Moorland,England,North Yorkshire,['North Yorkshire'],-1.5503,54.0937,4,Unknown,Headstart,Fertile,Hatched,1,Hatched,Hatched,46,Phase.4
Headstart.egg.163,Headstart.Clutch.47,ECC_9.2023.10,2023,Moorland,England,North Yorkshire,['North Yorkshire'],-1.5503,54.0937,4,Unknown,Headstart,Fertile,Hatched,1,Hatched,Hatched,46,Phase.4
Headstart.egg.164,Headstart.Clutch.47,ECC_9.2023.10,2023,Moorland,England,North Yorkshire,['North Yorkshire'],-1.5503,54.0937,4,Unknown,Headstart,Fertile,Hatched,1,Hatched,Hatched,46,Phase.4
Headstart.egg.165,Headstart.Clutch.48,ECC_9.2023.11,2023,Grassland,England,North Yorkshire,['North Yorkshire'],-1.5503,54.0937,4,Unknown,Headstart,Fertile,Hatched,1,Hatched,Hatched,46,Phase.4
Headstart.egg.166,Headstart.Clutch.48,ECC_9.2023.11,2023,Grassland,England,North Yorkshire,['North Yorkshire'],-1.5503,54.0937,4,Unknown,Headstart,Fertile,Hatched,1,Hatched,Hatched,46,Phase.4
Headstart.egg.167,Headstart.Clutch.48,ECC_9.2023.11,2023,Grassland,England,North Yorkshire,['North Yorkshire'],-1.5503,54.0937,4,Unknown,Headstart,Fertile,Hatched,1,Hatched,Hatched,46,Phase.4
Headstart.egg.168,Headstart.Clutch.49,ECC_9.2023.12,2023,Moorland,England,North Yorkshire,['North Yorkshire'],-1.5503,54.0937,3,Failed,Headstart,Fertile,Unhatched,0,Failed,31,31,Phase.2
Headstart.egg.169,Headstart.Clutch.49,ECC_9.2023.12,2023,Moorland,England,North Yorkshire,['North Yorkshire'],-1.5503,54.0937,3,Failed,Headstart,Fertile,Hatched,1,Hatched,Hatched,46,Phase.4
Headstart.egg.170,Headstart.Clutch.49,ECC_9.2023.12,2023,Moorland,England,North Yorkshire,['North Yorkshire'],-1.5503,54.0937,3,Failed,Headstart,Fertile,Hatched,1,Hatched,Hatched,46,Phase.4
Headstart.egg.171,Headstart.Clutch.50,ECC_9.2023.13,2023,Moorland,England,North Yorkshire,['North Yorkshire'],-1.5503,54.0937,4,Unknown,Headstart,Fertile,Hatched,1,Hatched,Hatched,46,Phase.4
Headstart.egg.172,Headstart.Clutch.50,ECC_9.2023.13,2023,Moorland,England,North Yorkshire,['North Yorkshire'],-1.5503,54.0937,4,Unknown,Headstart,Fertile,Hatched,1,Hatched,Hatched,46,Phase.4
Headstart.egg.173,Headstart.Clutch.51,ECC_9.2023.15,2023,Grassland,England,North Yorkshire,['North Yorkshire'],-1.5503,54.0937,3,Hatched,Headstart,Fertile,Hatched,1,Hatched,Hatched,46,Phase.4
Headstart.egg.174,Headstart.Clutch.51,ECC_9.2023.15,2023,Grassland,England,North Yorkshire,['North Yorkshire'],-1.5503,54.0937,3,Hatched,Headstart,Fertile,Hatched,1,Hatched,Hatched,46,Phase.4
Headstart.egg.175,Headstart.Clutch.51,ECC_9.2023.15,2023,Grassland,England,North Yorkshire,['North Yorkshire'],-1.5503,54.0937,3,Hatched,Headstart,Fertile,Hatched,1,Hatched,Hatched,46,Phase.4
Headstart.egg.176,Headstart.Clutch.52,ECC_9.2023.18,2023,Moorland,England,North Yorkshire,['North Yorkshire'],-1.5503,54.0937,3,Hatched,Headstart,Fertile,Hatched,1,Hatched,Hatched,46,Phase.4
Headstart.egg.177,Headstart.Clutch.52,ECC_9.2023.18,2023,Moorland,England,North Yorkshire,['North Yorkshire'],-1.5503,54.0937,3,Hatched,Headstart,Fertile,Hatched,1,Hatched,Hatched,46,Phase.4
Headstart.egg.178,Headstart.Clutch.52,ECC_9.2023.18,2023,Moorland,England,North Yorkshire,['North Yorkshire'],-1.5503,54.0937,3,Hatched,Headstart,Fertile,Hatched,1,Hatched,Hatched,46,Phase.4
Headstart.egg.179,Headstart.Clutch.53,ECC_9.2023.19,2023,Grassland,England,North Yorkshire,['North Yorkshire'],-1.5503,54.0937,3,Hatched,Headstart,Fertile,Hatched,1,Hatched,Hatched,46,Phase.4
Headstart.egg.180,Headstart.Clutch.53,ECC_9.2023.19,2023,Grassland,England,North Yorkshire,['North Yorkshire'],-1.5503,54.0937,3,Hatched,Headstart,Fertile,Hatched,1,Hatched,Hatched,46,Phase.4
Headstart.egg.181,Headstart.Clutch.53,ECC_9.2023.19,2023,Grassland,England,North Yorkshire,['North Yorkshire'],-1.5503,54.0937,3,Hatched,Headstart,Fertile,Hatched,1,Hatched,Hatched,46,Phase.4
Headstart.egg.182,Headstart.Clutch.54,ECC_9.2023.20,2023,Grassland,England,North Yorkshire,['North Yorkshire'],-1.5503,54.0937,3,Failed,Headstart,Fertile,Unhatched,0,Failed,40+,42.5,Phase.3
Headstart.egg.183,Headstart.Clutch.54,ECC_9.2023.20,2023,Grassland,England,North Yorkshire,['North Yorkshire'],-1.5503,54.0937,3,Failed,Headstart,Fertile,Hatched,1,Hatched,Hatched,46,Phase.4
Headstart.egg.184,Headstart.Clutch.54,ECC_9.2023.20,2023,Grassland,England,North Yorkshire,['North Yorkshire'],-1.5503,54.0937,3,Failed,Headstart,Fertile,Hatched,1,Hatched,Hatched,46,Phase.4
Headstart.egg.185,Headstart.Clutch.55,ECC_9.2023.21,2023,Grassland,England,North Yorkshire,['North Yorkshire'],-1.5503,54.0937,4,Unknown,Headstart,Fertile,Hatched,1,Hatched,Hatched,46,Phase.4
Headstart.egg.186,Headstart.Clutch.55,ECC_9.2023.21,2023,Grassland,England,North Yorkshire,['North Yorkshire'],-1.5503,54.0937,4,Unknown,Headstart,Fertile,Hatched,1,Hatched,Hatched,46,Phase.4
Headstart.egg.187,Headstart.Clutch.55,ECC_9.2023.21,2023,Grassland,England,North Yorkshire,['North Yorkshire'],-1.5503,54.0937,4,Unknown,Headstart,Fertile,Hatched,1,Hatched,Hatched,46,Phase.4
Headstart.egg.188,Headstart.Clutch.56,ECC_9.2023.22,2023,Grassland,England,North Yorkshire,['North Yorkshire'],-1.5503,54.0937,3,Hatched,Headstart,Fertile,Hatched,1,Hatched,Hatched,46,Phase.4
Headstart.egg.189,Headstart.Clutch.56,ECC_9.2023.22,2023,Grassland,England,North Yorkshire,['North Yorkshire'],-1.5503,54.0937,3,Hatched,Headstart,Fertile,Hatched,1,Hatched,Hatched,46,Phase.4
Headstart.egg.190,Headstart.Clutch.56,ECC_9.2023.22,2023,Grassland,England,North Yorkshire,['North Yorkshire'],-1.5503,54.0937,3,Hatched,Headstart,Fertile,Hatched,1,Hatched,Hatched,46,Phase.4
Headstart.egg.191,Headstart.Clutch.57,ECC_9.2023.25,2023,Grassland,England,North Yorkshire,['North Yorkshire'],-1.5503,54.0937,4,Unknown,Headstart,Fertile,Hatched,1,Hatched,Hatched,46,Phase.4
Headstart.egg.192,Headstart.Clutch.57,ECC_9.2023.25,2023,Grassland,England,North Yorkshire,['North Yorkshire'],-1.5503,54.0937,4,Unknown,Headstart,Fertile,Hatched,1,Hatched,Hatched,46,Phase.4
Headstart.egg.193,Headstart.Clutch.57,ECC_9.2023.25,2023,Grassland,England,North Yorkshire,['North Yorkshire'],-1.5503,54.0937,4,Unknown,Headstart,Fertile,Hatched,1,Hatched,Hatched,46,Phase.4
Headstart.egg.194,Headstart.Clutch.58,ECC_9.2023.27,2023,Moorland,England,North Yorkshire,['North Yorkshire'],-1.5503,54.0937,4,Unknown,Headstart,Fertile,Hatched,1,Hatched,Hatched,46,Phase.4
Headstart.egg.195,Headstart.Clutch.58,ECC_9.2023.27,2023,Moorland,England,North Yorkshire,['North Yorkshire'],-1.5503,54.0937,4,Unknown,Headstart,Fertile,Hatched,1,Hatched,Hatched,46,Phase.4
Headstart.egg.196,Headstart.Clutch.58,ECC_9.2023.27,2023,Moorland,England,North Yorkshire,['North Yorkshire'],-1.5503,54.0937,4,Unknown,Headstart,Fertile,Hatched,1,Hatched,Hatched,46,Phase.4
Headstart.egg.197,Headstart.Clutch.59,ECC_9.2023.28,2023,Grassland,England,North Yorkshire,['North Yorkshire'],-1.5503,54.0937,4,Hatched,Headstart,Fertile,Hatched,1,Hatched,Hatched,46,Phase.4
Headstart.egg.198,Headstart.Clutch.59,ECC_9.2023.28,2023,Grassland,England,North Yorkshire,['North Yorkshire'],-1.5503,54.0937,4,Hatched,Headstart,Fertile,Hatched,1,Hatched,Hatched,46,Phase.4
Headstart.egg.199,Headstart.Clutch.59,ECC_9.2023.28,2023,Grassland,England,North Yorkshire,['North Yorkshire'],-1.5503,54.0937,4,Hatched,Headstart,Fertile,Hatched,1,Hatched,Hatched,46,Phase.4
Headstart.egg.200,Headstart.Clutch.59,ECC_9.2023.28,2023,Grassland,England,North Yorkshire,['North Yorkshire'],-1.5503,54.0937,4,Hatched,Headstart,Fertile,Hatched,1,Hatched,Hatched,46,Phase.4
Headstart.egg.201,Headstart.Clutch.60,ECC_9.2023.30,2023,Grassland,England,North Yorkshire,['North Yorkshire'],-1.5503,54.0937,4,Hatched,Headstart,Fertile,Hatched,1,Hatched,Hatched,46,Phase.4
Headstart.egg.202,Headstart.Clutch.60,ECC_9.2023.30,2023,Grassland,England,North Yorkshire,['North Yorkshire'],-1.5503,54.0937,4,Hatched,Headstart,Fertile,Hatched,1,Hatched,Hatched,46,Phase.4
Headstart.egg.203,Headstart.Clutch.60,ECC_9.2023.30,2023,Grassland,England,North Yorkshire,['North Yorkshire'],-1.5503,54.0937,4,Hatched,Headstart,Fertile,Hatched,1,Hatched,Hatched,46,Phase.4
Headstart.egg.204,Headstart.Clutch.60,ECC_9.2023.30,2023,Grassland,England,North Yorkshire,['North Yorkshire'],-1.5503,54.0937,4,Hatched,Headstart,Fertile,Hatched,1,Hatched,Hatched,46,Phase.4
Headstart.egg.205,Headstart.Clutch.61,ECC_9.2023.32,2023,Grassland,England,North Yorkshire,['North Yorkshire'],-1.5503,54.0937,5,Unknown,Headstart,Fertile,Hatched,1,Hatched,Hatched,46,Phase.4
Headstart.egg.206,Headstart.Clutch.61,ECC_9.2023.32,2023,Grassland,England,North Yorkshire,['North Yorkshire'],-1.5503,54.0937,5,Unknown,Headstart,Fertile,Hatched,1,Hatched,Hatched,46,Phase.4
Headstart.egg.207,Headstart.Clutch.61,ECC_9.2023.32,2023,Grassland,England,North Yorkshire,['North Yorkshire'],-1.5503,54.0937,5,Unknown,Headstart,Fertile,Hatched,1,Hatched,Hatched,46,Phase.4
Headstart.egg.208,Headstart.Clutch.61,ECC_9.2023.32,2023,Grassland,England,North Yorkshire,['North Yorkshire'],-1.5503,54.0937,5,Unknown,Headstart,Fertile,Hatched,1,Hatched,Hatched,46,Phase.4
Headstart.egg.209,Headstart.Clutch.62,ECC_9.2023.35,2023,Moorland,England,North Yorkshire,['North Yorkshire'],-1.5503,54.0937,4,Unknown,Headstart,Fertile,Hatched,1,Hatched,Hatched,46,Phase.4
Headstart.egg.210,Headstart.Clutch.62,ECC_9.2023.35,2023,Moorland,England,North Yorkshire,['North Yorkshire'],-1.5503,54.0937,4,Unknown,Headstart,Fertile,Hatched,1,Hatched,Hatched,46,Phase.4
Headstart.egg.211,Headstart.Clutch.62,ECC_9.2023.35,2023,Moorland,England,North Yorkshire,['North Yorkshire'],-1.5503,54.0937,4,Unknown,Headstart,Fertile,Hatched,1,Hatched,Hatched,46,Phase.4
Headstart.egg.212,Headstart.Clutch.63,ECC_9.2023.36,2023,Moorland,England,North Yorkshire,['North Yorkshire'],-1.5503,54.0937,4,Hatched,Headstart,Fertile,Hatched,1,Hatched,Hatched,46,Phase.4
Headstart.egg.213,Headstart.Clutch.63,ECC_9.2023.36,2023,Moorland,England,North Yorkshire,['North Yorkshire'],-1.5503,54.0937,4,Hatched,Headstart,Fertile,Hatched,1,Hatched,Hatched,46,Phase.4
Headstart.egg.214,Headstart.Clutch.63,ECC_9.2023.36,2023,Moorland,England,North Yorkshire,['North Yorkshire'],-1.5503,54.0937,4,Hatched,Headstart,Fertile,Hatched,1,Hatched,Hatched,46,Phase.4
Headstart.egg.215,Headstart.Clutch.63,ECC_9.2023.36,2023,Moorland,England,North Yorkshire,['North Yorkshire'],-1.5503,54.0937,4,Hatched,Headstart,Fertile,Hatched,1,Hatched,Hatched,46,Phase.4
Headstart.egg.216,Headstart.Clutch.64,ECC_9.2023.37,2023,Moorland,England,North Yorkshire,['North Yorkshire'],-1.5503,54.0937,4,Hatched,Headstart,Fertile,Hatched,1,Hatched,Hatched,46,Phase.4
Headstart.egg.217,Headstart.Clutch.64,ECC_9.2023.37,2023,Moorland,England,North Yorkshire,['North Yorkshire'],-1.5503,54.0937,4,Hatched,Headstart,Fertile,Hatched,1,Hatched,Hatched,46,Phase.4
Headstart.egg.218,Headstart.Clutch.64,ECC_9.2023.37,2023,Moorland,England,North Yorkshire,['North Yorkshire'],-1.5503,54.0937,4,Hatched,Headstart,Fertile,Hatched,1,Hatched,Hatched,46,Phase.4
Headstart.egg.219,Headstart.Clutch.64,ECC_9.2023.37,2023,Moorland,England,North Yorkshire,['North Yorkshire'],-1.5503,54.0937,4,Hatched,Headstart,Fertile,Hatched,1,Hatched,Hatched,46,Phase.4
Headstart.egg.220,Headstart.Clutch.65,ECC_9.2023.38,2023,Moorland,England,North Yorkshire,['North Yorkshire'],-1.5503,54.0937,3,Hatched,Headstart,Fertile,Hatched,1,Hatched,Hatched,46,Phase.4
Headstart.egg.221,Headstart.Clutch.65,ECC_9.2023.38,2023,Moorland,England,North Yorkshire,['North Yorkshire'],-1.5503,54.0937,3,Hatched,Headstart,Fertile,Hatched,1,Hatched,Hatched,46,Phase.4
Headstart.egg.222,Headstart.Clutch.65,ECC_9.2023.38,2023,Moorland,England,North Yorkshire,['North Yorkshire'],-1.5503,54.0937,3,Hatched,Headstart,Fertile,Hatched,1,Hatched,Hatched,46,Phase.4
Headstart.egg.223,Headstart.Clutch.66,ECC_9.2023.40,2023,Grassland,England,North Yorkshire,['North Yorkshire'],-1.5503,54.0937,4,Hatched,Headstart,Fertile,Hatched,1,Hatched,Hatched,46,Phase.4
Headstart.egg.224,Headstart.Clutch.66,ECC_9.2023.40,2023,Grassland,England,North Yorkshire,['North Yorkshire'],-1.5503,54.0937,4,Hatched,Headstart,Fertile,Hatched,1,Hatched,Hatched,46,Phase.4
Headstart.egg.225,Headstart.Clutch.66,ECC_9.2023.40,2023,Grassland,England,North Yorkshire,['North Yorkshire'],-1.5503,54.0937,4,Hatched,Headstart,Fertile,Hatched,1,Hatched,Hatched,46,Phase.4
Headstart.egg.226,Headstart.Clutch.66,ECC_9.2023.40,2023,Grassland,England,North Yorkshire,['North Yorkshire'],-1.5503,54.0937,4,Hatched,Headstart,Fertile,Hatched,1,Hatched,Hatched,46,Phase.4
Headstart.egg.227,Headstart.Clutch.67,ECC_9.2023.41,2023,Moorland,England,North Yorkshire,['North Yorkshire'],-1.5503,54.0937,4,Failed,Headstart,Fertile,Unhatched,0,Failed,28,28,Phase.2
Headstart.egg.228,Headstart.Clutch.67,ECC_9.2023.41,2023,Moorland,England,North Yorkshire,['North Yorkshire'],-1.5503,54.0937,4,Failed,Headstart,Unknown,Unhatched,0,Failed,Unknown,NA,NA
Headstart.egg.229,Headstart.Clutch.67,ECC_9.2023.41,2023,Moorland,England,North Yorkshire,['North Yorkshire'],-1.5503,54.0937,4,Failed,Headstart,Fertile,Unhatched,0,Failed,<10,5.5,Phase.1
Headstart.egg.230,Headstart.Clutch.67,ECC_9.2023.41,2023,Moorland,England,North Yorkshire,['North Yorkshire'],-1.5503,54.0937,4,Failed,Headstart,Fertile,Hatched,1,Hatched,Hatched,46,Phase.4
Headstart.egg.231,Headstart.Clutch.68,ECC_9.2023.6,2023,Moorland,England,North Yorkshire,['North Yorkshire'],-1.5503,54.0937,2,Hatched,Headstart,Fertile,Hatched,1,Hatched,Hatched,46,Phase.4
Headstart.egg.232,Headstart.Clutch.68,ECC_9.2023.6,2023,Moorland,England,North Yorkshire,['North Yorkshire'],-1.5503,54.0937,2,Hatched,Headstart,Fertile,Hatched,1,Hatched,Hatched,46,Phase.4
Headstart.egg.233,Headstart.Clutch.69,ECC_9.2023.9,2023,Grassland,England,North Yorkshire,['North Yorkshire'],-1.5503,54.0937,4,Unknown,Headstart,Fertile,Hatched,1,Hatched,Hatched,46,Phase.4
Headstart.egg.234,Headstart.Clutch.69,ECC_9.2023.9,2023,Grassland,England,North Yorkshire,['North Yorkshire'],-1.5503,54.0937,4,Unknown,Headstart,Fertile,Hatched,1,Hatched,Hatched,46,Phase.4
Headstart.egg.235,Headstart.Clutch.70,ECC_21.2024.1,2024,Military,England,Suffolk,['Suffolk'],1.0492,52.2539,4,Failed,Headstart,Fertile,Unhatched,0,Failed,~20-25,22.5,Phase.1
Headstart.egg.236,Headstart.Clutch.70,ECC_21.2024.1,2024,Military,England,Suffolk,['Suffolk'],1.0492,52.2539,4,Failed,Headstart,Fertile,Unhatched,0,Failed,Early stage,NA,Phase.1
Headstart.egg.237,Headstart.Clutch.70,ECC_21.2024.1,2024,Military,England,Suffolk,['Suffolk'],1.0492,52.2539,4,Failed,Headstart,Fertile,Hatched,1,Hatched,Hatched,46,Phase.4
Headstart.egg.238,Headstart.Clutch.70,ECC_21.2024.1,2024,Military,England,Suffolk,['Suffolk'],1.0492,52.2539,4,Failed,Headstart,Fertile,Hatched,1,Hatched,Hatched,46,Phase.4
Headstart.egg.239,Headstart.Clutch.71,ECC_21.2024.2,2024,Military,England,Gloucestershire,['Gloucestershire'],-2.1524,51.8197,4,Failed,Headstart,Fertile,Unhatched,0,Failed,Likely very early stages,NA,Phase.1
Headstart.egg.240,Headstart.Clutch.71,ECC_21.2024.2,2024,Military,England,Gloucestershire,['Gloucestershire'],-2.1524,51.8197,4,Failed,Headstart,Fertile,Hatched,1,Hatched,Hatched,46,Phase.4
Headstart.egg.241,Headstart.Clutch.71,ECC_21.2024.2,2024,Military,England,Gloucestershire,['Gloucestershire'],-2.1524,51.8197,4,Failed,Headstart,Fertile,Hatched,1,Hatched,Hatched,46,Phase.4
Headstart.egg.242,Headstart.Clutch.71,ECC_21.2024.2,2024,Military,England,Gloucestershire,['Gloucestershire'],-2.1524,51.8197,4,Failed,Headstart,Fertile,Hatched,1,Hatched,Hatched,46,Phase.4
Headstart.egg.243,Headstart.Clutch.72,ECC_21.2024.3,2024,Military,England,North Yorkshire,['North Yorkshire'],-1.5503,54.0937,4,Hatched,Headstart,Fertile,Hatched,1,Hatched,Hatched,46,Phase.4
Headstart.egg.244,Headstart.Clutch.72,ECC_21.2024.3,2024,Military,England,North Yorkshire,['North Yorkshire'],-1.5503,54.0937,4,Hatched,Headstart,Fertile,Hatched,1,Hatched,Hatched,46,Phase.4
Headstart.egg.245,Headstart.Clutch.72,ECC_21.2024.3,2024,Military,England,North Yorkshire,['North Yorkshire'],-1.5503,54.0937,4,Hatched,Headstart,Fertile,Hatched,1,Hatched,Hatched,46,Phase.4
Headstart.egg.246,Headstart.Clutch.72,ECC_21.2024.3,2024,Military,England,North Yorkshire,['North Yorkshire'],-1.5503,54.0937,4,Hatched,Headstart,Fertile,Hatched,1,Hatched,Hatched,46,Phase.4
Headstart.egg.247,Headstart.Clutch.73,ECC_21.2024.4,2024,Military,England,North Yorkshire,['North Yorkshire'],-1.5503,54.0937,4,Failed,Headstart,Fertile,Unhatched,0,Failed,~42,42,Phase.3
Headstart.egg.248,Headstart.Clutch.73,ECC_21.2024.4,2024,Military,England,North Yorkshire,['North Yorkshire'],-1.5503,54.0937,4,Failed,Headstart,Fertile,Hatched,1,Hatched,Hatched,46,Phase.4
Headstart.egg.249,Headstart.Clutch.73,ECC_21.2024.4,2024,Military,England,North Yorkshire,['North Yorkshire'],-1.5503,54.0937,4,Failed,Headstart,Fertile,Hatched,1,Hatched,Hatched,46,Phase.4
Headstart.egg.250,Headstart.Clutch.73,ECC_21.2024.4,2024,Military,England,North Yorkshire,['North Yorkshire'],-1.5503,54.0937,4,Failed,Headstart,Fertile,Hatched,1,Hatched,Hatched,46,Phase.4
Headstart.egg.251,Headstart.Clutch.74,ECC_21.2024.5,2024,Military,England,North Yorkshire,['North Yorkshire'],-1.5503,54.0937,3,Hatched,Headstart,Fertile,Hatched,1,Hatched,Hatched,46,Phase.4
Headstart.egg.252,Headstart.Clutch.74,ECC_21.2024.5,2024,Military,England,North Yorkshire,['North Yorkshire'],-1.5503,54.0937,3,Hatched,Headstart,Fertile,Hatched,1,Hatched,Hatched,46,Phase.4
Headstart.egg.253,Headstart.Clutch.74,ECC_21.2024.5,2024,Military,England,North Yorkshire,['North Yorkshire'],-1.5503,54.0937,3,Hatched,Headstart,Fertile,Hatched,1,Hatched,Hatched,46,Phase.4
Headstart.egg.254,Headstart.Clutch.75,ECC_21.2024.6,2024,Military,England,Lincolnshire,['Lincolnshire'],-0.2388,53.111,3,Failed,Headstart,Fertile,Unhatched,0,Failed,~43-44,43.5,Phase.3
Headstart.egg.255,Headstart.Clutch.75,ECC_21.2024.6,2024,Military,England,Lincolnshire,['Lincolnshire'],-0.2388,53.111,3,Failed,Headstart,Fertile,Hatched,1,Hatched,Hatched,46,Phase.4
Headstart.egg.256,Headstart.Clutch.75,ECC_21.2024.6,2024,Military,England,Lincolnshire,['Lincolnshire'],-0.2388,53.111,3,Failed,Headstart,Fertile,Hatched,1,Hatched,Hatched,46,Phase.4
Headstart.egg.257,Headstart.Clutch.76,ECC_21.2024.7,2024,Military,England,Lincolnshire,['Lincolnshire'],-0.2388,53.111,4,Hatched,Headstart,Fertile,Hatched,1,Hatched,Hatched,46,Phase.4
Headstart.egg.258,Headstart.Clutch.76,ECC_21.2024.7,2024,Military,England,Lincolnshire,['Lincolnshire'],-0.2388,53.111,4,Hatched,Headstart,Fertile,Hatched,1,Hatched,Hatched,46,Phase.4
Headstart.egg.259,Headstart.Clutch.76,ECC_21.2024.7,2024,Military,England,Lincolnshire,['Lincolnshire'],-0.2388,53.111,4,Hatched,Headstart,Fertile,Hatched,1,Hatched,Hatched,46,Phase.4
Headstart.egg.260,Headstart.Clutch.76,ECC_21.2024.7,2024,Military,England,Lincolnshire,['Lincolnshire'],-0.2388,53.111,4,Hatched,Headstart,Fertile,Hatched,1,Hatched,Hatched,46,Phase.4
Headstart.egg.261,Headstart.Clutch.77,ECC_21.2024.8,2024,Military,England,Lincolnshire,['Lincolnshire'],-0.2388,53.111,4,Hatched,Headstart,Fertile,Hatched,1,Hatched,Hatched,46,Phase.4
Headstart.egg.262,Headstart.Clutch.77,ECC_21.2024.8,2024,Military,England,Lincolnshire,['Lincolnshire'],-0.2388,53.111,4,Hatched,Headstart,Fertile,Hatched,1,Hatched,Hatched,46,Phase.4
Headstart.egg.263,Headstart.Clutch.77,ECC_21.2024.8,2024,Military,England,Lincolnshire,['Lincolnshire'],-0.2388,53.111,4,Hatched,Headstart,Fertile,Hatched,1,Hatched,Hatched,46,Phase.4
Headstart.egg.264,Headstart.Clutch.77,ECC_21.2024.8,2024,Military,England,Lincolnshire,['Lincolnshire'],-0.2388,53.111,4,Hatched,Headstart,Fertile,Hatched,1,Hatched,Hatched,46,Phase.4
Headstart.egg.265,Headstart.Clutch.78,ECC_21.2024.9,2024,Military,England,Suffolk,['Suffolk'],1.0492,52.2539,4,Hatched,Headstart,Fertile,Hatched,1,Hatched,Hatched,46,Phase.4
Headstart.egg.266,Headstart.Clutch.78,ECC_21.2024.9,2024,Military,England,Suffolk,['Suffolk'],1.0492,52.2539,4,Hatched,Headstart,Fertile,Hatched,1,Hatched,Hatched,46,Phase.4
Headstart.egg.267,Headstart.Clutch.78,ECC_21.2024.9,2024,Military,England,Suffolk,['Suffolk'],1.0492,52.2539,4,Hatched,Headstart,Fertile,Hatched,1,Hatched,Hatched,46,Phase.4
Headstart.egg.268,Headstart.Clutch.78,ECC_21.2024.9,2024,Military,England,Suffolk,['Suffolk'],1.0492,52.2539,4,Hatched,Headstart,Fertile,Hatched,1,Hatched,Hatched,46,Phase.4
Headstart.egg.269,Headstart.Clutch.79,ECC_3.2024.1,2024,Military,England,North Yorkshire,['North Yorkshire'],-1.5503,54.0937,4,Hatched,Headstart,Fertile,Hatched,1,Hatched,Hatched,46,Phase.4
Headstart.egg.270,Headstart.Clutch.79,ECC_3.2024.1,2024,Military,England,North Yorkshire,['North Yorkshire'],-1.5503,54.0937,4,Hatched,Headstart,Fertile,Hatched,1,Hatched,Hatched,46,Phase.4
Headstart.egg.271,Headstart.Clutch.79,ECC_3.2024.1,2024,Military,England,North Yorkshire,['North Yorkshire'],-1.5503,54.0937,4,Hatched,Headstart,Fertile,Hatched,1,Hatched,Hatched,46,Phase.4
Headstart.egg.272,Headstart.Clutch.79,ECC_3.2024.1,2024,Military,England,North Yorkshire,['North Yorkshire'],-1.5503,54.0937,4,Hatched,Headstart,Fertile,Hatched,1,Hatched,Hatched,46,Phase.4
Headstart.egg.273,Headstart.Clutch.80,ECC_3.2024.10,2024,Military,England,North Yorkshire,['North Yorkshire'],-1.5503,54.0937,4,Hatched,Headstart,Fertile,Hatched,1,Hatched,Hatched,46,Phase.4
Headstart.egg.274,Headstart.Clutch.80,ECC_3.2024.10,2024,Military,England,North Yorkshire,['North Yorkshire'],-1.5503,54.0937,4,Hatched,Headstart,Fertile,Hatched,1,Hatched,Hatched,46,Phase.4
Headstart.egg.275,Headstart.Clutch.80,ECC_3.2024.10,2024,Military,England,North Yorkshire,['North Yorkshire'],-1.5503,54.0937,4,Hatched,Headstart,Fertile,Hatched,1,Hatched,Hatched,46,Phase.4
Headstart.egg.276,Headstart.Clutch.80,ECC_3.2024.10,2024,Military,England,North Yorkshire,['North Yorkshire'],-1.5503,54.0937,4,Hatched,Headstart,Fertile,Hatched,1,Hatched,Hatched,46,Phase.4
Headstart.egg.277,Headstart.Clutch.81,ECC_3.2024.11,2024,Military,England,North Yorkshire,['North Yorkshire'],-1.5503,54.0937,4,Hatched,Headstart,Fertile,Hatched,1,Hatched,Hatched,46,Phase.4
Headstart.egg.278,Headstart.Clutch.81,ECC_3.2024.11,2024,Military,England,North Yorkshire,['North Yorkshire'],-1.5503,54.0937,4,Hatched,Headstart,Fertile,Hatched,1,Hatched,Hatched,46,Phase.4
Headstart.egg.279,Headstart.Clutch.81,ECC_3.2024.11,2024,Military,England,North Yorkshire,['North Yorkshire'],-1.5503,54.0937,4,Hatched,Headstart,Fertile,Hatched,1,Hatched,Hatched,46,Phase.4
Headstart.egg.280,Headstart.Clutch.81,ECC_3.2024.11,2024,Military,England,North Yorkshire,['North Yorkshire'],-1.5503,54.0937,4,Hatched,Headstart,Fertile,Hatched,1,Hatched,Hatched,46,Phase.4
Headstart.egg.281,Headstart.Clutch.82,ECC_3.2024.12,2024,Military,England,Lincolnshire,['Lincolnshire'],-0.2388,53.111,4,Hatched,Headstart,Fertile,Hatched,1,Hatched,Hatched,46,Phase.4
Headstart.egg.282,Headstart.Clutch.82,ECC_3.2024.12,2024,Military,England,Lincolnshire,['Lincolnshire'],-0.2388,53.111,4,Hatched,Headstart,Fertile,Hatched,1,Hatched,Hatched,46,Phase.4
Headstart.egg.283,Headstart.Clutch.82,ECC_3.2024.12,2024,Military,England,Lincolnshire,['Lincolnshire'],-0.2388,53.111,4,Hatched,Headstart,Fertile,Hatched,1,Hatched,Hatched,46,Phase.4
Headstart.egg.284,Headstart.Clutch.82,ECC_3.2024.12,2024,Military,England,Lincolnshire,['Lincolnshire'],-0.2388,53.111,4,Hatched,Headstart,Fertile,Hatched,1,Hatched,Hatched,46,Phase.4
Headstart.egg.285,Headstart.Clutch.83,ECC_3.2024.13,2024,Military,England,Lincolnshire,['Lincolnshire'],-0.2388,53.111,4,Failed,Headstart,Fertile,Unhatched,0,Failed,~17-20 (very approx),18.5,Phase.1
Headstart.egg.286,Headstart.Clutch.83,ECC_3.2024.13,2024,Military,England,Lincolnshire,['Lincolnshire'],-0.2388,53.111,4,Failed,Headstart,Fertile,Unhatched,0,Failed,NA,NA,NA
Headstart.egg.287,Headstart.Clutch.83,ECC_3.2024.13,2024,Military,England,Lincolnshire,['Lincolnshire'],-0.2388,53.111,4,Failed,Headstart,Fertile,Hatched,1,Hatched,Hatched,46,Phase.4
Headstart.egg.288,Headstart.Clutch.83,ECC_3.2024.13,2024,Military,England,Lincolnshire,['Lincolnshire'],-0.2388,53.111,4,Failed,Headstart,Fertile,Hatched,1,Hatched,Hatched,46,Phase.4
Headstart.egg.289,Headstart.Clutch.84,ECC_3.2024.14,2024,Military,England,Lincolnshire,['Lincolnshire'],-0.2388,53.111,2,Hatched,Headstart,Fertile,Hatched,1,Hatched,Hatched,46,Phase.4
Headstart.egg.290,Headstart.Clutch.84,ECC_3.2024.14,2024,Military,England,Lincolnshire,['Lincolnshire'],-0.2388,53.111,2,Hatched,Headstart,Fertile,Hatched,1,Hatched,Hatched,46,Phase.4
Headstart.egg.291,Headstart.Clutch.85,ECC_3.2024.15,2024,Military,England,Lincolnshire,['Lincolnshire'],-0.2388,53.111,4,Failed,Headstart,Fertile,Hatched,1,Hatched,Hatched,46,Phase.4
Headstart.egg.292,Headstart.Clutch.85,ECC_3.2024.15,2024,Military,England,Lincolnshire,['Lincolnshire'],-0.2388,53.111,4,Failed,Headstart,Fertile,Hatched,1,Hatched,Hatched,46,Phase.4
Headstart.egg.293,Headstart.Clutch.85,ECC_3.2024.15,2024,Military,England,Lincolnshire,['Lincolnshire'],-0.2388,53.111,4,Failed,Headstart,Fertile,Unhatched,0,Failed,NA,NA,NA
Headstart.egg.294,Headstart.Clutch.85,ECC_3.2024.15,2024,Military,England,Lincolnshire,['Lincolnshire'],-0.2388,53.111,4,Failed,Headstart,Fertile,Unhatched,0,Failed,NA,NA,NA
Headstart.egg.295,Headstart.Clutch.86,ECC_3.2024.16,2024,Military,England,Lincolnshire,['Lincolnshire'],-0.2388,53.111,4,Failed,Headstart,Fertile,Unhatched,0,Failed,Late stage ,NA,Phase.3
Headstart.egg.296,Headstart.Clutch.86,ECC_3.2024.16,2024,Military,England,Lincolnshire,['Lincolnshire'],-0.2388,53.111,4,Failed,Headstart,Fertile,Unhatched,0,Failed,Late stage ,NA,Phase.3
Headstart.egg.297,Headstart.Clutch.86,ECC_3.2024.16,2024,Military,England,Lincolnshire,['Lincolnshire'],-0.2388,53.111,4,Failed,Headstart,Fertile,Hatched,1,Hatched,Hatched,46,Phase.4
Headstart.egg.298,Headstart.Clutch.86,ECC_3.2024.16,2024,Military,England,Lincolnshire,['Lincolnshire'],-0.2388,53.111,4,Failed,Headstart,Fertile,Hatched,1,Hatched,Hatched,46,Phase.4
Headstart.egg.299,Headstart.Clutch.87,ECC_3.2024.17,2024,Military,England,Lincolnshire,['Lincolnshire'],-0.2388,53.111,4,Failed,Headstart,Fertile,Hatched,1,Hatched,Hatched,46,Phase.4
Headstart.egg.300,Headstart.Clutch.87,ECC_3.2024.17,2024,Military,England,Lincolnshire,['Lincolnshire'],-0.2388,53.111,4,Failed,Headstart,Fertile,Hatched,1,Hatched,Hatched,46,Phase.4
Headstart.egg.301,Headstart.Clutch.87,ECC_3.2024.17,2024,Military,England,Lincolnshire,['Lincolnshire'],-0.2388,53.111,4,Failed,Headstart,Fertile,Hatched,1,Hatched,Hatched,46,Phase.4
Headstart.egg.302,Headstart.Clutch.87,ECC_3.2024.17,2024,Military,England,Lincolnshire,['Lincolnshire'],-0.2388,53.111,4,Failed,Headstart,Fertile,Unhatched,0,Failed,NA,NA,NA
Headstart.egg.303,Headstart.Clutch.88,ECC_3.2024.18,2024,Military,England,Lincolnshire,['Lincolnshire'],-0.2388,53.111,2,Hatched,Headstart,Fertile,Hatched,1,Hatched,Hatched,46,Phase.4
Headstart.egg.304,Headstart.Clutch.88,ECC_3.2024.18,2024,Military,England,Lincolnshire,['Lincolnshire'],-0.2388,53.111,2,Hatched,Headstart,Fertile,Hatched,1,Hatched,Hatched,46,Phase.4
Headstart.egg.305,Headstart.Clutch.89,ECC_3.2024.2,2024,Military,England,North Yorkshire,['North Yorkshire'],-1.5503,54.0937,4,Hatched,Headstart,Fertile,Hatched,1,Hatched,Hatched,46,Phase.4
Headstart.egg.306,Headstart.Clutch.89,ECC_3.2024.2,2024,Military,England,North Yorkshire,['North Yorkshire'],-1.5503,54.0937,4,Hatched,Headstart,Fertile,Hatched,1,Hatched,Hatched,46,Phase.4
Headstart.egg.307,Headstart.Clutch.89,ECC_3.2024.2,2024,Military,England,North Yorkshire,['North Yorkshire'],-1.5503,54.0937,4,Hatched,Headstart,Fertile,Hatched,1,Hatched,Hatched,46,Phase.4
Headstart.egg.308,Headstart.Clutch.89,ECC_3.2024.2,2024,Military,England,North Yorkshire,['North Yorkshire'],-1.5503,54.0937,4,Hatched,Headstart,Fertile,Hatched,1,Hatched,Hatched,46,Phase.4
Headstart.egg.309,Headstart.Clutch.90,ECC_3.2024.20,2024,Military,England,North Yorkshire,['North Yorkshire'],-1.5503,54.0937,4,Failed,Headstart,Fertile,Unhatched,0,Failed,Probably late 20s-Early 30s,NA,NA
Headstart.egg.310,Headstart.Clutch.90,ECC_3.2024.20,2024,Military,England,North Yorkshire,['North Yorkshire'],-1.5503,54.0937,4,Failed,Headstart,Fertile,Hatched,1,Hatched,Hatched,46,Phase.4
Headstart.egg.311,Headstart.Clutch.90,ECC_3.2024.20,2024,Military,England,North Yorkshire,['North Yorkshire'],-1.5503,54.0937,4,Failed,Headstart,Fertile,Hatched,1,Hatched,Hatched,46,Phase.4
Headstart.egg.312,Headstart.Clutch.90,ECC_3.2024.20,2024,Military,England,North Yorkshire,['North Yorkshire'],-1.5503,54.0937,4,Failed,Headstart,Fertile,Hatched,1,Hatched,Hatched,46,Phase.4
Headstart.egg.313,Headstart.Clutch.91,ECC_3.2024.3,2024,Military,England,Lincolnshire,['Lincolnshire'],-0.2388,53.111,4,Hatched,Headstart,Fertile,Hatched,1,Hatched,Hatched,46,Phase.4
Headstart.egg.314,Headstart.Clutch.91,ECC_3.2024.3,2024,Military,England,Lincolnshire,['Lincolnshire'],-0.2388,53.111,4,Hatched,Headstart,Fertile,Hatched,1,Hatched,Hatched,46,Phase.4
Headstart.egg.315,Headstart.Clutch.91,ECC_3.2024.3,2024,Military,England,Lincolnshire,['Lincolnshire'],-0.2388,53.111,4,Hatched,Headstart,Fertile,Hatched,1,Hatched,Hatched,46,Phase.4
Headstart.egg.316,Headstart.Clutch.91,ECC_3.2024.3,2024,Military,England,Lincolnshire,['Lincolnshire'],-0.2388,53.111,4,Hatched,Headstart,Fertile,Hatched,1,Hatched,Hatched,46,Phase.4
Headstart.egg.317,Headstart.Clutch.92,ECC_3.2024.4,2024,Military,England,North Yorkshire,['North Yorkshire'],-1.5503,54.0937,4,Hatched,Headstart,Fertile,Hatched,1,Hatched,Hatched,46,Phase.4
Headstart.egg.318,Headstart.Clutch.92,ECC_3.2024.4,2024,Military,England,North Yorkshire,['North Yorkshire'],-1.5503,54.0937,4,Hatched,Headstart,Fertile,Hatched,1,Hatched,Hatched,46,Phase.4
Headstart.egg.319,Headstart.Clutch.92,ECC_3.2024.4,2024,Military,England,North Yorkshire,['North Yorkshire'],-1.5503,54.0937,4,Hatched,Headstart,Fertile,Hatched,1,Hatched,Hatched,46,Phase.4
Headstart.egg.320,Headstart.Clutch.92,ECC_3.2024.4,2024,Military,England,North Yorkshire,['North Yorkshire'],-1.5503,54.0937,4,Hatched,Headstart,Fertile,Hatched,1,Hatched,Hatched,46,Phase.4
Headstart.egg.321,Headstart.Clutch.93,ECC_3.2024.5,2024,Military,England,Lincolnshire,['Lincolnshire'],-0.2388,53.111,2,Hatched,Headstart,Fertile,Hatched,1,Hatched,Hatched,46,Phase.4
Headstart.egg.322,Headstart.Clutch.93,ECC_3.2024.5,2024,Military,England,Lincolnshire,['Lincolnshire'],-0.2388,53.111,2,Hatched,Headstart,Fertile,Hatched,1,Hatched,Hatched,46,Phase.4
Headstart.egg.323,Headstart.Clutch.94,ECC_3.2024.6,2024,Military,England,Lincolnshire,['Lincolnshire'],-0.2388,53.111,4,Failed,Headstart,Fertile,Unhatched,0,Failed,45,45,Phase.3
Headstart.egg.324,Headstart.Clutch.94,ECC_3.2024.6,2024,Military,England,Lincolnshire,['Lincolnshire'],-0.2388,53.111,4,Failed,Headstart,Fertile,Hatched,1,Hatched,Hatched,46,Phase.4
Headstart.egg.325,Headstart.Clutch.94,ECC_3.2024.6,2024,Military,England,Lincolnshire,['Lincolnshire'],-0.2388,53.111,4,Failed,Headstart,Fertile,Hatched,1,Hatched,Hatched,46,Phase.4
Headstart.egg.326,Headstart.Clutch.94,ECC_3.2024.6,2024,Military,England,Lincolnshire,['Lincolnshire'],-0.2388,53.111,4,Failed,Headstart,Fertile,Hatched,1,Hatched,Hatched,46,Phase.4
Headstart.egg.327,Headstart.Clutch.95,ECC_3.2024.7,2024,Military,England,Suffolk,['Suffolk'],1.0492,52.2539,1,Hatched,Headstart,Fertile,Hatched,1,Hatched,Hatched,46,Phase.4
Headstart.egg.328,Headstart.Clutch.96,ECC_3.2024.8,2024,Military,England,Suffolk,['Suffolk'],1.0492,52.2539,3,Hatched,Headstart,Fertile,Hatched,1,Hatched,Hatched,46,Phase.4
Headstart.egg.329,Headstart.Clutch.96,ECC_3.2024.8,2024,Military,England,Suffolk,['Suffolk'],1.0492,52.2539,3,Hatched,Headstart,Fertile,Hatched,1,Hatched,Hatched,46,Phase.4
Headstart.egg.330,Headstart.Clutch.96,ECC_3.2024.8,2024,Military,England,Suffolk,['Suffolk'],1.0492,52.2539,3,Hatched,Headstart,Fertile,Hatched,1,Hatched,Hatched,46,Phase.4
Headstart.egg.331,Headstart.Clutch.97,ECC_3.2024.9,2024,Military,England,North Yorkshire,['North Yorkshire'],-1.5503,54.0937,4,Hatched,Headstart,Fertile,Hatched,1,Hatched,Hatched,46,Phase.4
Headstart.egg.332,Headstart.Clutch.97,ECC_3.2024.9,2024,Military,England,North Yorkshire,['North Yorkshire'],-1.5503,54.0937,4,Hatched,Headstart,Fertile,Hatched,1,Hatched,Hatched,46,Phase.4
Headstart.egg.333,Headstart.Clutch.97,ECC_3.2024.9,2024,Military,England,North Yorkshire,['North Yorkshire'],-1.5503,54.0937,4,Hatched,Headstart,Fertile,Hatched,1,Hatched,Hatched,46,Phase.4
Headstart.egg.334,Headstart.Clutch.97,ECC_3.2024.9,2024,Military,England,North Yorkshire,['North Yorkshire'],-1.5503,54.0937,4,Hatched,Headstart,Fertile,Hatched,1,Hatched,Hatched,46,Phase.4
Wild.egg.1,Wild.Clutch.1,ECC_1.2022.1,2022,Wetland,Scotland,Aberdeenshire,['Aberdeenshire'],-2.7921,57.2347,4,Hatched,Wild,Fertile,Hatched,1,Hatched,Hatched,46,Phase.4
Wild.egg.2,Wild.Clutch.1,ECC_1.2022.1,2022,Wetland,Scotland,Aberdeenshire,['Aberdeenshire'],-2.7921,57.2347,4,Hatched,Wild,Fertile,Hatched,1,Hatched,Hatched,46,Phase.4
Wild.egg.3,Wild.Clutch.1,ECC_1.2022.1,2022,Wetland,Scotland,Aberdeenshire,['Aberdeenshire'],-2.7921,57.2347,4,Hatched,Wild,Fertile,Hatched,1,Hatched,Hatched,46,Phase.4
Wild.egg.4,Wild.Clutch.1,ECC_1.2022.1,2022,Wetland,Scotland,Aberdeenshire,['Aberdeenshire'],-2.7921,57.2347,4,Hatched,Wild,Fertile,Hatched,1,Hatched,Hatched,46,Phase.4
Wild.egg.5,Wild.Clutch.2,ECC_10.2022.01BOS5,2022,Grassland,England,Warwickshire,['Warwickshire'],-1.5688,52.1798,4,Hatched,Wild,Fertile,Hatched,1,Hatched,Hatched,46,Phase.4
Wild.egg.6,Wild.Clutch.2,ECC_10.2022.01BOS5,2022,Grassland,England,Warwickshire,['Warwickshire'],-1.5688,52.1798,4,Hatched,Wild,Fertile,Hatched,1,Hatched,Hatched,46,Phase.4
Wild.egg.7,Wild.Clutch.2,ECC_10.2022.01BOS5,2022,Grassland,England,Warwickshire,['Warwickshire'],-1.5688,52.1798,4,Hatched,Wild,Fertile,Hatched,1,Hatched,Hatched,46,Phase.4
Wild.egg.8,Wild.Clutch.2,ECC_10.2022.01BOS5,2022,Grassland,England,Warwickshire,['Warwickshire'],-1.5688,52.1798,4,Hatched,Wild,Fertile,Hatched,1,Hatched,Hatched,46,Phase.4
Wild.egg.9,Wild.Clutch.3,ECC_10.2022.02MD,2022,Grassland,England,Warwickshire,['Warwickshire'],-1.5688,52.1798,4,Hatched,Wild,Fertile,Hatched,1,Hatched,Hatched,46,Phase.4
Wild.egg.10,Wild.Clutch.3,ECC_10.2022.02MD,2022,Grassland,England,Warwickshire,['Warwickshire'],-1.5688,52.1798,4,Hatched,Wild,Fertile,Hatched,1,Hatched,Hatched,46,Phase.4
Wild.egg.11,Wild.Clutch.3,ECC_10.2022.02MD,2022,Grassland,England,Warwickshire,['Warwickshire'],-1.5688,52.1798,4,Hatched,Wild,Fertile,Hatched,1,Hatched,Hatched,46,Phase.4
Wild.egg.12,Wild.Clutch.3,ECC_10.2022.02MD,2022,Grassland,England,Warwickshire,['Warwickshire'],-1.5688,52.1798,4,Hatched,Wild,Fertile,Hatched,1,Hatched,Hatched,46,Phase.4
Wild.egg.13,Wild.Clutch.4,ECC_11.2022.Cruninish.LLE/2,2022,NA,Northern Ireland,Fermanagh,County Fermanagh,-7.5271,54.3852,4,Hatched,Wild,Fertile,Hatched,1,Hatched,Hatched,46,Phase.4
Wild.egg.14,Wild.Clutch.4,ECC_11.2022.Cruninish.LLE/2,2022,NA,Northern Ireland,Fermanagh,County Fermanagh,-7.5271,54.3852,4,Hatched,Wild,Fertile,Hatched,1,Hatched,Hatched,46,Phase.4
Wild.egg.15,Wild.Clutch.4,ECC_11.2022.Cruninish.LLE/2,2022,NA,Northern Ireland,Fermanagh,County Fermanagh,-7.5271,54.3852,4,Hatched,Wild,Fertile,Hatched,1,Hatched,Hatched,46,Phase.4
Wild.egg.16,Wild.Clutch.4,ECC_11.2022.Cruninish.LLE/2,2022,NA,Northern Ireland,Fermanagh,County Fermanagh,-7.5271,54.3852,4,Hatched,Wild,Fertile,Hatched,1,Hatched,Hatched,46,Phase.4
Wild.egg.17,Wild.Clutch.5,ECC_11.2022.Cruninish.LLE/4,2022,NA,Northern Ireland,Fermanagh,County Fermanagh,-7.5271,54.3852,4,Hatched,Wild,Fertile,Hatched,1,Hatched,Hatched,46,Phase.4
Wild.egg.18,Wild.Clutch.5,ECC_11.2022.Cruninish.LLE/4,2022,NA,Northern Ireland,Fermanagh,County Fermanagh,-7.5271,54.3852,4,Hatched,Wild,Fertile,Hatched,1,Hatched,Hatched,46,Phase.4
Wild.egg.19,Wild.Clutch.5,ECC_11.2022.Cruninish.LLE/4,2022,NA,Northern Ireland,Fermanagh,County Fermanagh,-7.5271,54.3852,4,Hatched,Wild,Fertile,Hatched,1,Hatched,Hatched,46,Phase.4
Wild.egg.20,Wild.Clutch.5,ECC_11.2022.Cruninish.LLE/4,2022,NA,Northern Ireland,Fermanagh,County Fermanagh,-7.5271,54.3852,4,Hatched,Wild,Fertile,Hatched,1,Hatched,Hatched,46,Phase.4
Wild.egg.21,Wild.Clutch.6,ECC_11.2022.Hare.LLE/1,2022,NA,Northern Ireland,Fermanagh,County Fermanagh,-7.5271,54.3852,4,Hatched,Wild,Fertile,Hatched,1,Hatched,Hatched,46,Phase.4
Wild.egg.22,Wild.Clutch.6,ECC_11.2022.Hare.LLE/1,2022,NA,Northern Ireland,Fermanagh,County Fermanagh,-7.5271,54.3852,4,Hatched,Wild,Fertile,Hatched,1,Hatched,Hatched,46,Phase.4
Wild.egg.23,Wild.Clutch.6,ECC_11.2022.Hare.LLE/1,2022,NA,Northern Ireland,Fermanagh,County Fermanagh,-7.5271,54.3852,4,Hatched,Wild,Fertile,Hatched,1,Hatched,Hatched,46,Phase.4
Wild.egg.24,Wild.Clutch.6,ECC_11.2022.Hare.LLE/1,2022,NA,Northern Ireland,Fermanagh,County Fermanagh,-7.5271,54.3852,4,Hatched,Wild,Fertile,Hatched,1,Hatched,Hatched,46,Phase.4
Wild.egg.25,Wild.Clutch.7,ECC_11.2022.Hare.LLE/4,2022,NA,Northern Ireland,Fermanagh,County Fermanagh,-7.5271,54.3852,4,Unknown,Wild,Fertile,Hatched,1,Hatched,Hatched,46,Phase.4
Wild.egg.26,Wild.Clutch.7,ECC_11.2022.Hare.LLE/4,2022,NA,Northern Ireland,Fermanagh,County Fermanagh,-7.5271,54.3852,4,Unknown,Wild,Fertile,Hatched,1,Hatched,Hatched,46,Phase.4
Wild.egg.27,Wild.Clutch.7,ECC_11.2022.Hare.LLE/4,2022,NA,Northern Ireland,Fermanagh,County Fermanagh,-7.5271,54.3852,4,Unknown,Wild,Fertile,Hatched,1,Hatched,Hatched,46,Phase.4
Wild.egg.28,Wild.Clutch.8,ECC_11.2022.Horse.Island.LLE/1,2022,NA,Northern Ireland,Fermanagh,County Fermanagh,-7.5271,54.3852,4,Hatched,Wild,Fertile,Hatched,1,Hatched,Hatched,46,Phase.4
Wild.egg.29,Wild.Clutch.8,ECC_11.2022.Horse.Island.LLE/1,2022,NA,Northern Ireland,Fermanagh,County Fermanagh,-7.5271,54.3852,4,Hatched,Wild,Fertile,Hatched,1,Hatched,Hatched,46,Phase.4
Wild.egg.30,Wild.Clutch.8,ECC_11.2022.Horse.Island.LLE/1,2022,NA,Northern Ireland,Fermanagh,County Fermanagh,-7.5271,54.3852,4,Hatched,Wild,Fertile,Hatched,1,Hatched,Hatched,46,Phase.4
Wild.egg.31,Wild.Clutch.8,ECC_11.2022.Horse.Island.LLE/1,2022,NA,Northern Ireland,Fermanagh,County Fermanagh,-7.5271,54.3852,4,Hatched,Wild,Fertile,Hatched,1,Hatched,Hatched,46,Phase.4
Wild.egg.32,Wild.Clutch.9,ECC_11.2022.Lusty.More.LLE/1,2022,NA,Northern Ireland,Fermanagh,County Fermanagh,-7.5271,54.3852,4,Hatched,Wild,Fertile,Hatched,1,Hatched,Hatched,46,Phase.4
Wild.egg.33,Wild.Clutch.9,ECC_11.2022.Lusty.More.LLE/1,2022,NA,Northern Ireland,Fermanagh,County Fermanagh,-7.5271,54.3852,4,Hatched,Wild,Fertile,Hatched,1,Hatched,Hatched,46,Phase.4
Wild.egg.34,Wild.Clutch.9,ECC_11.2022.Lusty.More.LLE/1,2022,NA,Northern Ireland,Fermanagh,County Fermanagh,-7.5271,54.3852,4,Hatched,Wild,Fertile,Hatched,1,Hatched,Hatched,46,Phase.4
Wild.egg.35,Wild.Clutch.9,ECC_11.2022.Lusty.More.LLE/1,2022,NA,Northern Ireland,Fermanagh,County Fermanagh,-7.5271,54.3852,4,Hatched,Wild,Fertile,Hatched,1,Hatched,Hatched,46,Phase.4
Wild.egg.36,Wild.Clutch.10,ECC_11.2022.Muckinish.LLE/1,2022,NA,Northern Ireland,Fermanagh,County Fermanagh,-7.5271,54.3852,4,Hatched,Wild,Fertile,Hatched,1,Hatched,Hatched,46,Phase.4
Wild.egg.37,Wild.Clutch.10,ECC_11.2022.Muckinish.LLE/1,2022,NA,Northern Ireland,Fermanagh,County Fermanagh,-7.5271,54.3852,4,Hatched,Wild,Fertile,Hatched,1,Hatched,Hatched,46,Phase.4
Wild.egg.38,Wild.Clutch.10,ECC_11.2022.Muckinish.LLE/1,2022,NA,Northern Ireland,Fermanagh,County Fermanagh,-7.5271,54.3852,4,Hatched,Wild,Fertile,Hatched,1,Hatched,Hatched,46,Phase.4
Wild.egg.39,Wild.Clutch.10,ECC_11.2022.Muckinish.LLE/1,2022,NA,Northern Ireland,Fermanagh,County Fermanagh,-7.5271,54.3852,4,Hatched,Wild,Fertile,Hatched,1,Hatched,Hatched,46,Phase.4
Wild.egg.40,Wild.Clutch.11,ECC_11.2022.Rosscor.LLE/1,2022,NA,Northern Ireland,Fermanagh,County Fermanagh,-7.5271,54.3852,4,Hatched,Wild,Fertile,Hatched,1,Hatched,Hatched,46,Phase.4
Wild.egg.41,Wild.Clutch.11,ECC_11.2022.Rosscor.LLE/1,2022,NA,Northern Ireland,Fermanagh,County Fermanagh,-7.5271,54.3852,4,Hatched,Wild,Fertile,Hatched,1,Hatched,Hatched,46,Phase.4
Wild.egg.42,Wild.Clutch.11,ECC_11.2022.Rosscor.LLE/1,2022,NA,Northern Ireland,Fermanagh,County Fermanagh,-7.5271,54.3852,4,Hatched,Wild,Fertile,Hatched,1,Hatched,Hatched,46,Phase.4
Wild.egg.43,Wild.Clutch.11,ECC_11.2022.Rosscor.LLE/1,2022,NA,Northern Ireland,Fermanagh,County Fermanagh,-7.5271,54.3852,4,Hatched,Wild,Fertile,Hatched,1,Hatched,Hatched,46,Phase.4
Wild.egg.44,Wild.Clutch.12,ECC_12.2022.GD10,2022,Wetland,England,Cumbria,['Cumbria'],-2.9021,54.6364,3,Hatched,Wild,Fertile,Hatched,1,Hatched,Hatched,46,Phase.4
Wild.egg.45,Wild.Clutch.12,ECC_12.2022.GD10,2022,Wetland,England,Cumbria,['Cumbria'],-2.9021,54.6364,3,Hatched,Wild,Fertile,Hatched,1,Hatched,Hatched,46,Phase.4
Wild.egg.46,Wild.Clutch.12,ECC_12.2022.GD10,2022,Wetland,England,Cumbria,['Cumbria'],-2.9021,54.6364,3,Hatched,Wild,Fertile,Hatched,1,Hatched,Hatched,46,Phase.4
Wild.egg.47,Wild.Clutch.13,ECC_12.2022.GD12,2022,Wetland,England,Cumbria,['Cumbria'],-2.9021,54.6364,3,Hatched,Wild,Fertile,Hatched,1,Hatched,Hatched,46,Phase.4
Wild.egg.48,Wild.Clutch.13,ECC_12.2022.GD12,2022,Wetland,England,Cumbria,['Cumbria'],-2.9021,54.6364,3,Hatched,Wild,Fertile,Hatched,1,Hatched,Hatched,46,Phase.4
Wild.egg.49,Wild.Clutch.13,ECC_12.2022.GD12,2022,Wetland,England,Cumbria,['Cumbria'],-2.9021,54.6364,3,Hatched,Wild,Fertile,Hatched,1,Hatched,Hatched,46,Phase.4
Wild.egg.50,Wild.Clutch.14,ECC_12.2022.GD3,2022,Wetland,England,Cumbria,['Cumbria'],-2.9021,54.6364,4,Hatched,Wild,Fertile,Hatched,1,Hatched,Hatched,46,Phase.4
Wild.egg.51,Wild.Clutch.14,ECC_12.2022.GD3,2022,Wetland,England,Cumbria,['Cumbria'],-2.9021,54.6364,4,Hatched,Wild,Fertile,Hatched,1,Hatched,Hatched,46,Phase.4
Wild.egg.52,Wild.Clutch.14,ECC_12.2022.GD3,2022,Wetland,England,Cumbria,['Cumbria'],-2.9021,54.6364,4,Hatched,Wild,Fertile,Hatched,1,Hatched,Hatched,46,Phase.4
Wild.egg.53,Wild.Clutch.14,ECC_12.2022.GD3,2022,Wetland,England,Cumbria,['Cumbria'],-2.9021,54.6364,4,Hatched,Wild,Fertile,Hatched,1,Hatched,Hatched,46,Phase.4
Wild.egg.54,Wild.Clutch.15,ECC_12.2022.GD4,2022,Other,England,Cumbria,['Cumbria'],-2.9021,54.6364,4,Hatched,Wild,Fertile,Hatched,1,Hatched,Hatched,46,Phase.4
Wild.egg.55,Wild.Clutch.15,ECC_12.2022.GD4,2022,Other,England,Cumbria,['Cumbria'],-2.9021,54.6364,4,Hatched,Wild,Fertile,Hatched,1,Hatched,Hatched,46,Phase.4
Wild.egg.56,Wild.Clutch.15,ECC_12.2022.GD4,2022,Other,England,Cumbria,['Cumbria'],-2.9021,54.6364,4,Hatched,Wild,Fertile,Hatched,1,Hatched,Hatched,46,Phase.4
Wild.egg.57,Wild.Clutch.15,ECC_12.2022.GD4,2022,Other,England,Cumbria,['Cumbria'],-2.9021,54.6364,4,Hatched,Wild,Fertile,Hatched,1,Hatched,Hatched,46,Phase.4
Wild.egg.58,Wild.Clutch.16,ECC_12.2022.GD5,2022,Wetland,England,Cumbria,['Cumbria'],-2.9021,54.6364,4,Hatched,Wild,Fertile,Hatched,1,Hatched,Hatched,46,Phase.4
Wild.egg.59,Wild.Clutch.16,ECC_12.2022.GD5,2022,Wetland,England,Cumbria,['Cumbria'],-2.9021,54.6364,4,Hatched,Wild,Fertile,Hatched,1,Hatched,Hatched,46,Phase.4
Wild.egg.60,Wild.Clutch.16,ECC_12.2022.GD5,2022,Wetland,England,Cumbria,['Cumbria'],-2.9021,54.6364,4,Hatched,Wild,Fertile,Hatched,1,Hatched,Hatched,46,Phase.4
Wild.egg.61,Wild.Clutch.16,ECC_12.2022.GD5,2022,Wetland,England,Cumbria,['Cumbria'],-2.9021,54.6364,4,Hatched,Wild,Fertile,Hatched,1,Hatched,Hatched,46,Phase.4
Wild.egg.62,Wild.Clutch.17,ECC_12.2022.GD6,2022,Wetland,England,Cumbria,['Cumbria'],-2.9021,54.6364,4,Failed,Wild,Fertile,Unhatched,0,Failed,Unknown (but likely early),NA,Phase.1
Wild.egg.63,Wild.Clutch.17,ECC_12.2022.GD6,2022,Wetland,England,Cumbria,['Cumbria'],-2.9021,54.6364,4,Failed,Wild,Fertile,Hatched,1,Hatched,Hatched,46,Phase.4
Wild.egg.64,Wild.Clutch.17,ECC_12.2022.GD6,2022,Wetland,England,Cumbria,['Cumbria'],-2.9021,54.6364,4,Failed,Wild,Fertile,Hatched,1,Hatched,Hatched,46,Phase.4
Wild.egg.65,Wild.Clutch.17,ECC_12.2022.GD6,2022,Wetland,England,Cumbria,['Cumbria'],-2.9021,54.6364,4,Failed,Wild,Fertile,Hatched,1,Hatched,Hatched,46,Phase.4
Wild.egg.66,Wild.Clutch.18,ECC_12.2022.GD9,2022,Grassland,England,Cumbria,['Cumbria'],-2.9021,54.6364,3,Failed,Wild,Fertile,Unhatched,0,Failed,Unknown,NA,NA
Wild.egg.67,Wild.Clutch.18,ECC_12.2022.GD9,2022,Grassland,England,Cumbria,['Cumbria'],-2.9021,54.6364,3,Failed,Wild,Fertile,Hatched,1,Hatched,Hatched,46,Phase.4
Wild.egg.68,Wild.Clutch.18,ECC_12.2022.GD9,2022,Grassland,England,Cumbria,['Cumbria'],-2.9021,54.6364,3,Failed,Wild,Fertile,Hatched,1,Hatched,Hatched,46,Phase.4
Wild.egg.69,Wild.Clutch.19,ECC_12.2022.HW10,2022,Wetland,England,NA,NA,NA,NA,4,Failed,Wild,Fertile,Unhatched,0,Failed,14-25,19.5,Phase.1
Wild.egg.70,Wild.Clutch.19,ECC_12.2022.HW10,2022,Wetland,England,NA,NA,NA,NA,4,Failed,Wild,Fertile,Unhatched,0,Failed,~35-38,36.5,Phase.3
Wild.egg.71,Wild.Clutch.19,ECC_12.2022.HW10,2022,Wetland,England,NA,NA,NA,NA,4,Failed,Wild,Fertile,Unhatched,0,Failed,~25,25,Phase.2
Wild.egg.72,Wild.Clutch.19,ECC_12.2022.HW10,2022,Wetland,England,NA,NA,NA,NA,4,Failed,Wild,Unknown,Unhatched,0,Failed,Unknown,NA,NA
Wild.egg.73,Wild.Clutch.20,ECC_12.2022.HW11,2022,Grassland,England,NA,NA,NA,NA,4,Hatched,Wild,Fertile,Hatched,1,Hatched,Hatched,46,Phase.4
Wild.egg.74,Wild.Clutch.20,ECC_12.2022.HW11,2022,Grassland,England,NA,NA,NA,NA,4,Hatched,Wild,Fertile,Hatched,1,Hatched,Hatched,46,Phase.4
Wild.egg.75,Wild.Clutch.20,ECC_12.2022.HW11,2022,Grassland,England,NA,NA,NA,NA,4,Hatched,Wild,Fertile,Hatched,1,Hatched,Hatched,46,Phase.4
Wild.egg.76,Wild.Clutch.20,ECC_12.2022.HW11,2022,Grassland,England,NA,NA,NA,NA,4,Hatched,Wild,Fertile,Hatched,1,Hatched,Hatched,46,Phase.4
Wild.egg.77,Wild.Clutch.21,ECC_12.2022.HW12,2022,Grassland,England,NA,NA,NA,NA,4,Hatched,Wild,Fertile,Hatched,1,Hatched,Hatched,46,Phase.4
Wild.egg.78,Wild.Clutch.21,ECC_12.2022.HW12,2022,Grassland,England,NA,NA,NA,NA,4,Hatched,Wild,Fertile,Hatched,1,Hatched,Hatched,46,Phase.4
Wild.egg.79,Wild.Clutch.21,ECC_12.2022.HW12,2022,Grassland,England,NA,NA,NA,NA,4,Hatched,Wild,Fertile,Hatched,1,Hatched,Hatched,46,Phase.4
Wild.egg.80,Wild.Clutch.21,ECC_12.2022.HW12,2022,Grassland,England,NA,NA,NA,NA,4,Hatched,Wild,Fertile,Hatched,1,Hatched,Hatched,46,Phase.4
Wild.egg.81,Wild.Clutch.22,ECC_12.2022.HW13,2022,Grassland,England,NA,NA,NA,NA,4,Hatched,Wild,Fertile,Hatched,1,Hatched,Hatched,46,Phase.4
Wild.egg.82,Wild.Clutch.22,ECC_12.2022.HW13,2022,Grassland,England,NA,NA,NA,NA,4,Hatched,Wild,Fertile,Hatched,1,Hatched,Hatched,46,Phase.4
Wild.egg.83,Wild.Clutch.22,ECC_12.2022.HW13,2022,Grassland,England,NA,NA,NA,NA,4,Hatched,Wild,Fertile,Hatched,1,Hatched,Hatched,46,Phase.4
Wild.egg.84,Wild.Clutch.22,ECC_12.2022.HW13,2022,Grassland,England,NA,NA,NA,NA,4,Hatched,Wild,Fertile,Hatched,1,Hatched,Hatched,46,Phase.4
Wild.egg.85,Wild.Clutch.23,ECC_12.2022.HW6,2022,Grassland,England,NA,NA,NA,NA,4,Hatched,Wild,Fertile,Hatched,1,Hatched,Hatched,46,Phase.4
Wild.egg.86,Wild.Clutch.23,ECC_12.2022.HW6,2022,Grassland,England,NA,NA,NA,NA,4,Hatched,Wild,Fertile,Hatched,1,Hatched,Hatched,46,Phase.4
Wild.egg.87,Wild.Clutch.23,ECC_12.2022.HW6,2022,Grassland,England,NA,NA,NA,NA,4,Hatched,Wild,Fertile,Hatched,1,Hatched,Hatched,46,Phase.4
Wild.egg.88,Wild.Clutch.23,ECC_12.2022.HW6,2022,Grassland,England,NA,NA,NA,NA,4,Hatched,Wild,Fertile,Hatched,1,Hatched,Hatched,46,Phase.4
Wild.egg.89,Wild.Clutch.24,ECC_12.2022.HW8,2022,Grassland,England,NA,NA,NA,NA,4,Failed,Wild,Fertile,Unhatched,0,Failed,42 (after re-staging checks),42,Phase.3
Wild.egg.90,Wild.Clutch.24,ECC_12.2022.HW8,2022,Grassland,England,NA,NA,NA,NA,4,Failed,Wild,Fertile,Unhatched,0,Failed,42 (after re-staging checks),42,Phase.3
Wild.egg.91,Wild.Clutch.24,ECC_12.2022.HW8,2022,Grassland,England,NA,NA,NA,NA,4,Failed,Wild,Fertile,Hatched,1,Hatched,Hatched,46,Phase.4
Wild.egg.92,Wild.Clutch.24,ECC_12.2022.HW8,2022,Grassland,England,NA,NA,NA,NA,4,Failed,Wild,Fertile,Hatched,1,Hatched,Hatched,46,Phase.4
Wild.egg.93,Wild.Clutch.25,ECC_12.2022.HW9,2022,Wetland,England,NA,NA,NA,NA,4,Hatched,Wild,Fertile,Hatched,1,Hatched,Hatched,46,Phase.4
Wild.egg.94,Wild.Clutch.25,ECC_12.2022.HW9,2022,Wetland,England,NA,NA,NA,NA,4,Hatched,Wild,Fertile,Hatched,1,Hatched,Hatched,46,Phase.4
Wild.egg.95,Wild.Clutch.25,ECC_12.2022.HW9,2022,Wetland,England,NA,NA,NA,NA,4,Hatched,Wild,Fertile,Hatched,1,Hatched,Hatched,46,Phase.4
Wild.egg.96,Wild.Clutch.25,ECC_12.2022.HW9,2022,Wetland,England,NA,NA,NA,NA,4,Hatched,Wild,Fertile,Hatched,1,Hatched,Hatched,46,Phase.4
Wild.egg.97,Wild.Clutch.26,ECC_14.2022.NE05(4),2022,Grassland,England,Oxfordshire,['Oxfordshire'],-1.2915,51.7716,4,Hatched,Wild,Fertile,Hatched,1,Hatched,Hatched,46,Phase.4
Wild.egg.98,Wild.Clutch.26,ECC_14.2022.NE05(4),2022,Grassland,England,Oxfordshire,['Oxfordshire'],-1.2915,51.7716,4,Hatched,Wild,Fertile,Hatched,1,Hatched,Hatched,46,Phase.4
Wild.egg.99,Wild.Clutch.26,ECC_14.2022.NE05(4),2022,Grassland,England,Oxfordshire,['Oxfordshire'],-1.2915,51.7716,4,Hatched,Wild,Fertile,Hatched,1,Hatched,Hatched,46,Phase.4
Wild.egg.100,Wild.Clutch.26,ECC_14.2022.NE05(4),2022,Grassland,England,Oxfordshire,['Oxfordshire'],-1.2915,51.7716,4,Hatched,Wild,Fertile,Hatched,1,Hatched,Hatched,46,Phase.4
Wild.egg.101,Wild.Clutch.27,ECC_14.2022.NE05(6),2022,Grassland,England,Oxfordshire,['Oxfordshire'],-1.2915,51.7716,4,Hatched,Wild,Fertile,Hatched,1,Hatched,Hatched,46,Phase.4
Wild.egg.102,Wild.Clutch.27,ECC_14.2022.NE05(6),2022,Grassland,England,Oxfordshire,['Oxfordshire'],-1.2915,51.7716,4,Hatched,Wild,Fertile,Hatched,1,Hatched,Hatched,46,Phase.4
Wild.egg.103,Wild.Clutch.27,ECC_14.2022.NE05(6),2022,Grassland,England,Oxfordshire,['Oxfordshire'],-1.2915,51.7716,4,Hatched,Wild,Fertile,Hatched,1,Hatched,Hatched,46,Phase.4
Wild.egg.104,Wild.Clutch.27,ECC_14.2022.NE05(6),2022,Grassland,England,Oxfordshire,['Oxfordshire'],-1.2915,51.7716,4,Hatched,Wild,Fertile,Hatched,1,Hatched,Hatched,46,Phase.4
Wild.egg.105,Wild.Clutch.28,ECC_14.2022.NE06(8),2022,Grassland,England,Oxfordshire,['Oxfordshire'],-1.2915,51.7716,4,Hatched,Wild,Fertile,Hatched,1,Hatched,Hatched,46,Phase.4
Wild.egg.106,Wild.Clutch.28,ECC_14.2022.NE06(8),2022,Grassland,England,Oxfordshire,['Oxfordshire'],-1.2915,51.7716,4,Hatched,Wild,Fertile,Hatched,1,Hatched,Hatched,46,Phase.4
Wild.egg.107,Wild.Clutch.28,ECC_14.2022.NE06(8),2022,Grassland,England,Oxfordshire,['Oxfordshire'],-1.2915,51.7716,4,Hatched,Wild,Fertile,Hatched,1,Hatched,Hatched,46,Phase.4
Wild.egg.108,Wild.Clutch.28,ECC_14.2022.NE06(8),2022,Grassland,England,Oxfordshire,['Oxfordshire'],-1.2915,51.7716,4,Hatched,Wild,Fertile,Hatched,1,Hatched,Hatched,46,Phase.4
Wild.egg.109,Wild.Clutch.29,ECC_14.2022.NE08(4),2022,Grassland,England,Oxfordshire,['Oxfordshire'],-1.2915,51.7716,2,Hatched,Wild,Fertile,Hatched,1,Hatched,Hatched,46,Phase.4
Wild.egg.110,Wild.Clutch.29,ECC_14.2022.NE08(4),2022,Grassland,England,Oxfordshire,['Oxfordshire'],-1.2915,51.7716,2,Hatched,Wild,Fertile,Hatched,1,Hatched,Hatched,46,Phase.4
Wild.egg.111,Wild.Clutch.30,ECC_14.2022.NE11(4),2022,Grassland,England,Oxfordshire,['Oxfordshire'],-1.2915,51.7716,4,Unknown,Wild,Fertile,Hatched,1,Hatched,Hatched,46,Phase.4
Wild.egg.112,Wild.Clutch.30,ECC_14.2022.NE11(4),2022,Grassland,England,Oxfordshire,['Oxfordshire'],-1.2915,51.7716,4,Unknown,Wild,Fertile,Hatched,1,Hatched,Hatched,46,Phase.4
Wild.egg.113,Wild.Clutch.30,ECC_14.2022.NE11(4),2022,Grassland,England,Oxfordshire,['Oxfordshire'],-1.2915,51.7716,4,Unknown,Wild,Fertile,Hatched,1,Hatched,Hatched,46,Phase.4
Wild.egg.114,Wild.Clutch.31,ECC_14.2022.NE12(2),2022,Grassland,England,Oxfordshire,['Oxfordshire'],-1.2915,51.7716,4,Hatched,Wild,Fertile,Hatched,1,Hatched,Hatched,46,Phase.4
Wild.egg.115,Wild.Clutch.31,ECC_14.2022.NE12(2),2022,Grassland,England,Oxfordshire,['Oxfordshire'],-1.2915,51.7716,4,Hatched,Wild,Fertile,Hatched,1,Hatched,Hatched,46,Phase.4
Wild.egg.116,Wild.Clutch.31,ECC_14.2022.NE12(2),2022,Grassland,England,Oxfordshire,['Oxfordshire'],-1.2915,51.7716,4,Hatched,Wild,Fertile,Hatched,1,Hatched,Hatched,46,Phase.4
Wild.egg.117,Wild.Clutch.31,ECC_14.2022.NE12(2),2022,Grassland,England,Oxfordshire,['Oxfordshire'],-1.2915,51.7716,4,Hatched,Wild,Fertile,Hatched,1,Hatched,Hatched,46,Phase.4
Wild.egg.118,Wild.Clutch.32,ECC_14.2022.NE21(1),2022,Grassland,England,Oxfordshire,['Oxfordshire'],-1.2915,51.7716,3,Unknown,Wild,Fertile,Hatched,1,Hatched,Hatched,46,Phase.4
Wild.egg.119,Wild.Clutch.32,ECC_14.2022.NE21(1),2022,Grassland,England,Oxfordshire,['Oxfordshire'],-1.2915,51.7716,3,Unknown,Wild,Fertile,Hatched,1,Hatched,Hatched,46,Phase.4
Wild.egg.120,Wild.Clutch.33,ECC_15.2022.GS,2022,Grassland,England,Lancashire,['Lancashire'],-2.4609,53.8622,3,Hatched,Wild,Fertile,Hatched,1,Hatched,Hatched,46,Phase.4
Wild.egg.121,Wild.Clutch.33,ECC_15.2022.GS,2022,Grassland,England,Lancashire,['Lancashire'],-2.4609,53.8622,3,Hatched,Wild,Fertile,Hatched,1,Hatched,Hatched,46,Phase.4
Wild.egg.122,Wild.Clutch.33,ECC_15.2022.GS,2022,Grassland,England,Lancashire,['Lancashire'],-2.4609,53.8622,3,Hatched,Wild,Fertile,Hatched,1,Hatched,Hatched,46,Phase.4
Wild.egg.123,Wild.Clutch.35,ECC_15.2022.Tower,2022,Grassland,England,Lancashire,['Lancashire'],-2.4609,53.8622,4,Hatched,Wild,Fertile,Hatched,1,Hatched,Hatched,46,Phase.4
Wild.egg.124,Wild.Clutch.35,ECC_15.2022.Tower,2022,Grassland,England,Lancashire,['Lancashire'],-2.4609,53.8622,4,Hatched,Wild,Fertile,Hatched,1,Hatched,Hatched,46,Phase.4
Wild.egg.125,Wild.Clutch.35,ECC_15.2022.Tower,2022,Grassland,England,Lancashire,['Lancashire'],-2.4609,53.8622,4,Hatched,Wild,Fertile,Hatched,1,Hatched,Hatched,46,Phase.4
Wild.egg.126,Wild.Clutch.35,ECC_15.2022.Tower,2022,Grassland,England,Lancashire,['Lancashire'],-2.4609,53.8622,4,Hatched,Wild,Fertile,Hatched,1,Hatched,Hatched,46,Phase.4
Wild.egg.127,Wild.Clutch.36,ECC_15.2022.TS.High,2022,Grassland,England,Lancashire,['Lancashire'],-2.4609,53.8622,4,Unknown,Wild,Fertile,Hatched,1,Hatched,Hatched,46,Phase.4
Wild.egg.128,Wild.Clutch.36,ECC_15.2022.TS.High,2022,Grassland,England,Lancashire,['Lancashire'],-2.4609,53.8622,4,Unknown,Wild,Fertile,Hatched,1,Hatched,Hatched,46,Phase.4
Wild.egg.129,Wild.Clutch.36,ECC_15.2022.TS.High,2022,Grassland,England,Lancashire,['Lancashire'],-2.4609,53.8622,4,Unknown,Wild,Fertile,Hatched,1,Hatched,Hatched,46,Phase.4
Wild.egg.130,Wild.Clutch.37,ECC_15.2022.TS.Low,2022,Grassland,England,Lancashire,['Lancashire'],-2.4609,53.8622,4,Unknown,Wild,Fertile,Hatched,1,Hatched,Hatched,46,Phase.4
Wild.egg.131,Wild.Clutch.37,ECC_15.2022.TS.Low,2022,Grassland,England,Lancashire,['Lancashire'],-2.4609,53.8622,4,Unknown,Wild,Fertile,Hatched,1,Hatched,Hatched,46,Phase.4
Wild.egg.132,Wild.Clutch.37,ECC_15.2022.TS.Low,2022,Grassland,England,Lancashire,['Lancashire'],-2.4609,53.8622,4,Unknown,Wild,Fertile,Hatched,1,Hatched,Hatched,46,Phase.4
Wild.egg.133,Wild.Clutch.38,ECC_15.2022.TS.Mid,2022,Grassland,England,Lancashire,['Lancashire'],-2.4609,53.8622,4,Hatched,Wild,Fertile,Hatched,1,Hatched,Hatched,46,Phase.4
Wild.egg.134,Wild.Clutch.38,ECC_15.2022.TS.Mid,2022,Grassland,England,Lancashire,['Lancashire'],-2.4609,53.8622,4,Hatched,Wild,Fertile,Hatched,1,Hatched,Hatched,46,Phase.4
Wild.egg.135,Wild.Clutch.38,ECC_15.2022.TS.Mid,2022,Grassland,England,Lancashire,['Lancashire'],-2.4609,53.8622,4,Hatched,Wild,Fertile,Hatched,1,Hatched,Hatched,46,Phase.4
Wild.egg.136,Wild.Clutch.38,ECC_15.2022.TS.Mid,2022,Grassland,England,Lancashire,['Lancashire'],-2.4609,53.8622,4,Hatched,Wild,Fertile,Hatched,1,Hatched,Hatched,46,Phase.4
Wild.egg.137,Wild.Clutch.39,ECC_15.2022.WB,2022,Moorland,England,Lancashire,['Lancashire'],-2.4609,53.8622,3,Hatched,Wild,Fertile,Hatched,1,Hatched,Hatched,46,Phase.4
Wild.egg.138,Wild.Clutch.39,ECC_15.2022.WB,2022,Moorland,England,Lancashire,['Lancashire'],-2.4609,53.8622,3,Hatched,Wild,Fertile,Hatched,1,Hatched,Hatched,46,Phase.4
Wild.egg.139,Wild.Clutch.39,ECC_15.2022.WB,2022,Moorland,England,Lancashire,['Lancashire'],-2.4609,53.8622,3,Hatched,Wild,Fertile,Hatched,1,Hatched,Hatched,46,Phase.4
Wild.egg.140,Wild.Clutch.40,ECC_16.2022.Enchmarsh,2022,Grassland,England,Shropshire,['Shropshire'],-2.7367,52.6221,4,Hatched,Wild,Fertile,Hatched,1,Hatched,Hatched,46,Phase.4
Wild.egg.141,Wild.Clutch.40,ECC_16.2022.Enchmarsh,2022,Grassland,England,Shropshire,['Shropshire'],-2.7367,52.6221,4,Hatched,Wild,Fertile,Hatched,1,Hatched,Hatched,46,Phase.4
Wild.egg.142,Wild.Clutch.40,ECC_16.2022.Enchmarsh,2022,Grassland,England,Shropshire,['Shropshire'],-2.7367,52.6221,4,Hatched,Wild,Fertile,Hatched,1,Hatched,Hatched,46,Phase.4
Wild.egg.143,Wild.Clutch.40,ECC_16.2022.Enchmarsh,2022,Grassland,England,Shropshire,['Shropshire'],-2.7367,52.6221,4,Hatched,Wild,Fertile,Hatched,1,Hatched,Hatched,46,Phase.4
Wild.egg.144,Wild.Clutch.41,ECC_16.2022.Hill.House,2022,Grassland,England,Shropshire,['Shropshire'],-2.7367,52.6221,4,Failed,Wild,Fertile,Unhatched,0,Failed,35,35,Phase.3
Wild.egg.145,Wild.Clutch.41,ECC_16.2022.Hill.House,2022,Grassland,England,Shropshire,['Shropshire'],-2.7367,52.6221,4,Failed,Wild,Fertile,Hatched,1,Hatched,Hatched,46,Phase.4
Wild.egg.146,Wild.Clutch.41,ECC_16.2022.Hill.House,2022,Grassland,England,Shropshire,['Shropshire'],-2.7367,52.6221,4,Failed,Wild,Fertile,Hatched,1,Hatched,Hatched,46,Phase.4
Wild.egg.147,Wild.Clutch.41,ECC_16.2022.Hill.House,2022,Grassland,England,Shropshire,['Shropshire'],-2.7367,52.6221,4,Failed,Wild,Fertile,Hatched,1,Hatched,Hatched,46,Phase.4
Wild.egg.148,Wild.Clutch.42,ECC_16.2022.Magpie.Hill.1,2022,Moorland,England,Shropshire,['Shropshire'],-2.7367,52.6221,4,Hatched,Wild,Fertile,Hatched,1,Hatched,Hatched,46,Phase.4
Wild.egg.149,Wild.Clutch.42,ECC_16.2022.Magpie.Hill.1,2022,Moorland,England,Shropshire,['Shropshire'],-2.7367,52.6221,4,Hatched,Wild,Fertile,Hatched,1,Hatched,Hatched,46,Phase.4
Wild.egg.150,Wild.Clutch.42,ECC_16.2022.Magpie.Hill.1,2022,Moorland,England,Shropshire,['Shropshire'],-2.7367,52.6221,4,Hatched,Wild,Fertile,Hatched,1,Hatched,Hatched,46,Phase.4
Wild.egg.151,Wild.Clutch.42,ECC_16.2022.Magpie.Hill.1,2022,Moorland,England,Shropshire,['Shropshire'],-2.7367,52.6221,4,Hatched,Wild,Fertile,Hatched,1,Hatched,Hatched,46,Phase.4
Wild.egg.152,Wild.Clutch.43,ECC_16.2022.Magpie.Hill.2,2022,Moorland,England,Shropshire,['Shropshire'],-2.7367,52.6221,4,Damaged,Wild,Fertile,Hatched,1,Hatched,Hatched,46,Phase.4
Wild.egg.153,Wild.Clutch.43,ECC_16.2022.Magpie.Hill.2,2022,Moorland,England,Shropshire,['Shropshire'],-2.7367,52.6221,4,Damaged,Wild,Fertile,Hatched,1,Hatched,Hatched,46,Phase.4
Wild.egg.154,Wild.Clutch.43,ECC_16.2022.Magpie.Hill.2,2022,Moorland,England,Shropshire,['Shropshire'],-2.7367,52.6221,4,Damaged,Wild,Fertile,Hatched,1,Hatched,Hatched,46,Phase.4
Wild.egg.155,Wild.Clutch.44,ECC_16.2022.Stone.Acton,2022,Grassland,England,Shropshire,['Shropshire'],-2.7367,52.6221,4,Hatched,Wild,Fertile,Hatched,1,Hatched,Hatched,46,Phase.4
Wild.egg.156,Wild.Clutch.44,ECC_16.2022.Stone.Acton,2022,Grassland,England,Shropshire,['Shropshire'],-2.7367,52.6221,4,Hatched,Wild,Fertile,Hatched,1,Hatched,Hatched,46,Phase.4
Wild.egg.157,Wild.Clutch.44,ECC_16.2022.Stone.Acton,2022,Grassland,England,Shropshire,['Shropshire'],-2.7367,52.6221,4,Hatched,Wild,Fertile,Hatched,1,Hatched,Hatched,46,Phase.4
Wild.egg.158,Wild.Clutch.44,ECC_16.2022.Stone.Acton,2022,Grassland,England,Shropshire,['Shropshire'],-2.7367,52.6221,4,Hatched,Wild,Fertile,Hatched,1,Hatched,Hatched,46,Phase.4
Wild.egg.159,Wild.Clutch.46,ECC_17.2022.BY1,2022,Wetland,Wales,Conwy County Borough,['Conwy'],-3.7465,53.1474,4,Hatched,Wild,Fertile,Hatched,1,Hatched,Hatched,46,Phase.4
Wild.egg.160,Wild.Clutch.46,ECC_17.2022.BY1,2022,Wetland,Wales,Conwy County Borough,['Conwy'],-3.7465,53.1474,4,Hatched,Wild,Fertile,Hatched,1,Hatched,Hatched,46,Phase.4
Wild.egg.161,Wild.Clutch.46,ECC_17.2022.BY1,2022,Wetland,Wales,Conwy County Borough,['Conwy'],-3.7465,53.1474,4,Hatched,Wild,Fertile,Hatched,1,Hatched,Hatched,46,Phase.4
Wild.egg.162,Wild.Clutch.46,ECC_17.2022.BY1,2022,Wetland,Wales,Conwy County Borough,['Conwy'],-3.7465,53.1474,4,Hatched,Wild,Fertile,Hatched,1,Hatched,Hatched,46,Phase.4
Wild.egg.163,Wild.Clutch.47,ECC_17.2022.FF9,2022,Wetland,Wales,Conwy County Borough,['Conwy'],-3.7465,53.1474,4,Mixed,Wild,Fertile,Unhatched,0,Failed,40+ (unable to precisely stage),NA,Phase.3
Wild.egg.164,Wild.Clutch.47,ECC_17.2022.FF9,2022,Wetland,Wales,Conwy County Borough,['Conwy'],-3.7465,53.1474,4,Mixed,Wild,Fertile,Hatched,1,Hatched,Hatched,46,Phase.4
Wild.egg.165,Wild.Clutch.47,ECC_17.2022.FF9,2022,Wetland,Wales,Conwy County Borough,['Conwy'],-3.7465,53.1474,4,Mixed,Wild,Fertile,Hatched,1,Hatched,Hatched,46,Phase.4
Wild.egg.166,Wild.Clutch.48,ECC_17.2022.PN1,2022,Grassland,Wales,Conwy County Borough,['Conwy'],-3.7465,53.1474,4,Failed,Wild,Fertile,Unhatched,0,Failed,Early (unable to stage precisely but must have died in first 1-2 days of incubation),3,Phase.1
Wild.egg.167,Wild.Clutch.48,ECC_17.2022.PN1,2022,Grassland,Wales,Conwy County Borough,['Conwy'],-3.7465,53.1474,4,Failed,Wild,Fertile,Unhatched,0,Failed,Early (unable to stage precisely but must have died in first 1-2 days of incubation),3,Phase.1
Wild.egg.168,Wild.Clutch.48,ECC_17.2022.PN1,2022,Grassland,Wales,Conwy County Borough,['Conwy'],-3.7465,53.1474,4,Failed,Wild,Fertile,Unhatched,0,Failed,Early <Stage 5 ish (unable to stage precisely but must have died in first 1-2 days of incubation),3,Phase.1
Wild.egg.169,Wild.Clutch.48,ECC_17.2022.PN1,2022,Grassland,Wales,Conwy County Borough,['Conwy'],-3.7465,53.1474,4,Failed,Wild,Fertile,Hatched,1,Hatched,Hatched,46,Phase.4
Wild.egg.170,Wild.Clutch.49,ECC_17.2022.PN2,2022,Wetland,Wales,Conwy County Borough,['Conwy'],-3.7465,53.1474,4,Hatched,Wild,Fertile,Hatched,1,Hatched,Hatched,46,Phase.4
Wild.egg.171,Wild.Clutch.49,ECC_17.2022.PN2,2022,Wetland,Wales,Conwy County Borough,['Conwy'],-3.7465,53.1474,4,Hatched,Wild,Fertile,Hatched,1,Hatched,Hatched,46,Phase.4
Wild.egg.172,Wild.Clutch.49,ECC_17.2022.PN2,2022,Wetland,Wales,Conwy County Borough,['Conwy'],-3.7465,53.1474,4,Hatched,Wild,Fertile,Hatched,1,Hatched,Hatched,46,Phase.4
Wild.egg.173,Wild.Clutch.49,ECC_17.2022.PN2,2022,Wetland,Wales,Conwy County Borough,['Conwy'],-3.7465,53.1474,4,Hatched,Wild,Fertile,Hatched,1,Hatched,Hatched,46,Phase.4
Wild.egg.174,Wild.Clutch.50,ECC_17.2022.PN3,2022,Wetland,Wales,Conwy County Borough,['Conwy'],-3.7465,53.1474,4,Failed,Wild,Fertile,Unhatched,0,Failed,Probably pre-stage 5ish (but potentially <10),5,Phase.1
Wild.egg.175,Wild.Clutch.50,ECC_17.2022.PN3,2022,Wetland,Wales,Conwy County Borough,['Conwy'],-3.7465,53.1474,4,Failed,Wild,Fertile,Unhatched,0,Failed,<5,3,Phase.1
Wild.egg.176,Wild.Clutch.50,ECC_17.2022.PN3,2022,Wetland,Wales,Conwy County Borough,['Conwy'],-3.7465,53.1474,4,Failed,Wild,Unknown,Unhatched,0,Failed,Unknown,NA,NA
Wild.egg.177,Wild.Clutch.50,ECC_17.2022.PN3,2022,Wetland,Wales,Conwy County Borough,['Conwy'],-3.7465,53.1474,4,Failed,Wild,Fertile,Hatched,1,Hatched,Hatched,46,Phase.4
Wild.egg.178,Wild.Clutch.51,ECC_17.2022.YI3,2022,Wetland,Wales,Conwy County Borough,['Conwy'],-3.7465,53.1474,4,Mixed,Wild,Fertile,Unhatched,0,Failed,41-42 (after re-staging checks),41.5,Phase.3
Wild.egg.179,Wild.Clutch.51,ECC_17.2022.YI3,2022,Wetland,Wales,Conwy County Borough,['Conwy'],-3.7465,53.1474,4,Mixed,Wild,Fertile,Hatched,1,Hatched,Hatched,46,Phase.4
Wild.egg.180,Wild.Clutch.51,ECC_17.2022.YI3,2022,Wetland,Wales,Conwy County Borough,['Conwy'],-3.7465,53.1474,4,Mixed,Wild,Fertile,Hatched,1,Hatched,Hatched,46,Phase.4
Wild.egg.181,Wild.Clutch.52,ECC_17.2022.YI5,2022,Grassland,Wales,Conwy County Borough,['Conwy'],-3.7465,53.1474,4,Hatched,Wild,Fertile,Hatched,1,Hatched,Hatched,46,Phase.4
Wild.egg.182,Wild.Clutch.52,ECC_17.2022.YI5,2022,Grassland,Wales,Conwy County Borough,['Conwy'],-3.7465,53.1474,4,Hatched,Wild,Fertile,Hatched,1,Hatched,Hatched,46,Phase.4
Wild.egg.183,Wild.Clutch.52,ECC_17.2022.YI5,2022,Grassland,Wales,Conwy County Borough,['Conwy'],-3.7465,53.1474,4,Hatched,Wild,Fertile,Hatched,1,Hatched,Hatched,46,Phase.4
Wild.egg.184,Wild.Clutch.52,ECC_17.2022.YI5,2022,Grassland,Wales,Conwy County Borough,['Conwy'],-3.7465,53.1474,4,Hatched,Wild,Fertile,Hatched,1,Hatched,Hatched,46,Phase.4
Wild.egg.185,Wild.Clutch.53,ECC_17.2022.YI6,2022,Grassland,Wales,Conwy County Borough,['Conwy'],-3.7465,53.1474,4,Failed,Wild,Fertile,Unhatched,0,Failed,Early (think it is fertile but cannot accurately stage sample),NA,Phase.1
Wild.egg.186,Wild.Clutch.53,ECC_17.2022.YI6,2022,Grassland,Wales,Conwy County Borough,['Conwy'],-3.7465,53.1474,4,Failed,Wild,Fertile,Hatched,1,Hatched,Hatched,46,Phase.4
Wild.egg.187,Wild.Clutch.53,ECC_17.2022.YI6,2022,Grassland,Wales,Conwy County Borough,['Conwy'],-3.7465,53.1474,4,Failed,Wild,Fertile,Hatched,1,Hatched,Hatched,46,Phase.4
Wild.egg.188,Wild.Clutch.53,ECC_17.2022.YI6,2022,Grassland,Wales,Conwy County Borough,['Conwy'],-3.7465,53.1474,4,Failed,Wild,Fertile,Hatched,1,Hatched,Hatched,46,Phase.4
Wild.egg.189,Wild.Clutch.54,ECC_18.2022.CC-02,2022,Grassland,England,Norfolk,['Norfolk'],0.9647,52.6712,3,Damaged,Wild,Fertile,Hatched,1,Hatched,Hatched,46,Phase.4
Wild.egg.190,Wild.Clutch.54,ECC_18.2022.CC-02,2022,Grassland,England,Norfolk,['Norfolk'],0.9647,52.6712,3,Damaged,Wild,Fertile,Hatched,1,Hatched,Hatched,46,Phase.4
Wild.egg.191,Wild.Clutch.55,ECC_18.2022.HON-05,2022,Military,England,Suffolk,['Suffolk'],1.0492,52.2539,4,Failed,Wild,Fertile,Unhatched,0,Failed,38 (after re-staging checks),38,Phase.3
Wild.egg.192,Wild.Clutch.55,ECC_18.2022.HON-05,2022,Military,England,Suffolk,['Suffolk'],1.0492,52.2539,4,Failed,Wild,Fertile,Hatched,1,Hatched,Hatched,46,Phase.4
Wild.egg.193,Wild.Clutch.55,ECC_18.2022.HON-05,2022,Military,England,Suffolk,['Suffolk'],1.0492,52.2539,4,Failed,Wild,Fertile,Hatched,1,Hatched,Hatched,46,Phase.4
Wild.egg.194,Wild.Clutch.55,ECC_18.2022.HON-05,2022,Military,England,Suffolk,['Suffolk'],1.0492,52.2539,4,Failed,Wild,Fertile,Hatched,1,Hatched,Hatched,46,Phase.4
Wild.egg.195,Wild.Clutch.56,ECC_18.2022.HON-13,2022,Military,England,Suffolk,['Suffolk'],1.0492,52.2539,4,Failed,Wild,Fertile,Unhatched,0,Failed,44-45,44.5,Phase.3
Wild.egg.196,Wild.Clutch.56,ECC_18.2022.HON-13,2022,Military,England,Suffolk,['Suffolk'],1.0492,52.2539,4,Failed,Wild,Fertile,Hatched,1,Hatched,Hatched,46,Phase.4
Wild.egg.197,Wild.Clutch.56,ECC_18.2022.HON-13,2022,Military,England,Suffolk,['Suffolk'],1.0492,52.2539,4,Failed,Wild,Fertile,Hatched,1,Hatched,Hatched,46,Phase.4
Wild.egg.198,Wild.Clutch.56,ECC_18.2022.HON-13,2022,Military,England,Suffolk,['Suffolk'],1.0492,52.2539,4,Failed,Wild,Fertile,Hatched,1,Hatched,Hatched,46,Phase.4
Wild.egg.199,Wild.Clutch.58,ECC_18.2022.ST-A-01,2022,Military,England,Norfolk,['Norfolk'],0.9647,52.6712,4,Failed,Wild,Fertile,Unhatched,0,Failed,At least stage 25 but could be a bit later,NA,Phase.2
Wild.egg.200,Wild.Clutch.58,ECC_18.2022.ST-A-01,2022,Military,England,Norfolk,['Norfolk'],0.9647,52.6712,4,Failed,Wild,Fertile,Hatched,1,Hatched,Hatched,46,Phase.4
Wild.egg.201,Wild.Clutch.58,ECC_18.2022.ST-A-01,2022,Military,England,Norfolk,['Norfolk'],0.9647,52.6712,4,Failed,Wild,Fertile,Hatched,1,Hatched,Hatched,46,Phase.4
Wild.egg.202,Wild.Clutch.58,ECC_18.2022.ST-A-01,2022,Military,England,Norfolk,['Norfolk'],0.9647,52.6712,4,Failed,Wild,Fertile,Hatched,1,Hatched,Hatched,46,Phase.4
Wild.egg.203,Wild.Clutch.59,ECC_18.2022.ST-G-01,2022,Military,England,Norfolk,['Norfolk'],0.9647,52.6712,4,Failed,Wild,Fertile,Unhatched,0,Failed,12,12,Phase.1
Wild.egg.204,Wild.Clutch.59,ECC_18.2022.ST-G-01,2022,Military,England,Norfolk,['Norfolk'],0.9647,52.6712,4,Failed,Wild,Fertile,Hatched,1,Hatched,Hatched,46,Phase.4
Wild.egg.205,Wild.Clutch.59,ECC_18.2022.ST-G-01,2022,Military,England,Norfolk,['Norfolk'],0.9647,52.6712,4,Failed,Wild,Fertile,Hatched,1,Hatched,Hatched,46,Phase.4
Wild.egg.206,Wild.Clutch.59,ECC_18.2022.ST-G-01,2022,Military,England,Norfolk,['Norfolk'],0.9647,52.6712,4,Failed,Wild,Fertile,Hatched,1,Hatched,Hatched,46,Phase.4
Wild.egg.207,Wild.Clutch.61,ECC_19.2022.Deep.Moor,2022,Wetland,England,Hampshire,['Hampshire'],-1.2474,51.0448,4,Hatched,Wild,Fertile,Hatched,1,Hatched,Hatched,46,Phase.4
Wild.egg.208,Wild.Clutch.61,ECC_19.2022.Deep.Moor,2022,Wetland,England,Hampshire,['Hampshire'],-1.2474,51.0448,4,Hatched,Wild,Fertile,Hatched,1,Hatched,Hatched,46,Phase.4
Wild.egg.209,Wild.Clutch.61,ECC_19.2022.Deep.Moor,2022,Wetland,England,Hampshire,['Hampshire'],-1.2474,51.0448,4,Hatched,Wild,Fertile,Hatched,1,Hatched,Hatched,46,Phase.4
Wild.egg.210,Wild.Clutch.61,ECC_19.2022.Deep.Moor,2022,Wetland,England,Hampshire,['Hampshire'],-1.2474,51.0448,4,Hatched,Wild,Fertile,Hatched,1,Hatched,Hatched,46,Phase.4
Wild.egg.211,Wild.Clutch.62,ECC_19.2022.Durhill.South,2022,Wetland,England,Hampshire,['Hampshire'],-1.2474,51.0448,4,Mixed,Wild,Unknown,Unhatched,0,Failed,Unknown,NA,NA
Wild.abandoned.1,Wild.Clutch.63,ECC_19.2022.Fir.Pound,2022,Wetland,England,Hampshire,['Hampshire'],-1.2474,51.0448,1,Abandoned,Wild,Unknown,Unhatched,0,Abandoned,Unknown,NA,NA
Wild.egg.212,Wild.Clutch.64,ECC_19.2022.Holmsley.North,2022,Wetland,England,Hampshire,['Hampshire'],-1.2474,51.0448,4,Hatched,Wild,Fertile,Hatched,1,Hatched,Hatched,46,Phase.4
Wild.egg.213,Wild.Clutch.64,ECC_19.2022.Holmsley.North,2022,Wetland,England,Hampshire,['Hampshire'],-1.2474,51.0448,4,Hatched,Wild,Fertile,Hatched,1,Hatched,Hatched,46,Phase.4
Wild.egg.214,Wild.Clutch.64,ECC_19.2022.Holmsley.North,2022,Wetland,England,Hampshire,['Hampshire'],-1.2474,51.0448,4,Hatched,Wild,Fertile,Hatched,1,Hatched,Hatched,46,Phase.4
Wild.egg.215,Wild.Clutch.64,ECC_19.2022.Holmsley.North,2022,Wetland,England,Hampshire,['Hampshire'],-1.2474,51.0448,4,Hatched,Wild,Fertile,Hatched,1,Hatched,Hatched,46,Phase.4
Wild.egg.216,Wild.Clutch.65,ECC_19.2022.Holmsley.South,2022,Wetland,England,Hampshire,['Hampshire'],-1.2474,51.0448,4,Hatched,Wild,Fertile,Hatched,1,Hatched,Hatched,46,Phase.4
Wild.egg.217,Wild.Clutch.65,ECC_19.2022.Holmsley.South,2022,Wetland,England,Hampshire,['Hampshire'],-1.2474,51.0448,4,Hatched,Wild,Fertile,Hatched,1,Hatched,Hatched,46,Phase.4
Wild.egg.218,Wild.Clutch.65,ECC_19.2022.Holmsley.South,2022,Wetland,England,Hampshire,['Hampshire'],-1.2474,51.0448,4,Hatched,Wild,Fertile,Hatched,1,Hatched,Hatched,46,Phase.4
Wild.egg.219,Wild.Clutch.65,ECC_19.2022.Holmsley.South,2022,Wetland,England,Hampshire,['Hampshire'],-1.2474,51.0448,4,Hatched,Wild,Fertile,Hatched,1,Hatched,Hatched,46,Phase.4
Wild.egg.220,Wild.Clutch.66,ECC_19.2022.Long.Down,2022,Wetland,England,Hampshire,['Hampshire'],-1.2474,51.0448,4,Hatched,Wild,Fertile,Hatched,1,Hatched,Hatched,46,Phase.4
Wild.egg.221,Wild.Clutch.66,ECC_19.2022.Long.Down,2022,Wetland,England,Hampshire,['Hampshire'],-1.2474,51.0448,4,Hatched,Wild,Fertile,Hatched,1,Hatched,Hatched,46,Phase.4
Wild.egg.222,Wild.Clutch.66,ECC_19.2022.Long.Down,2022,Wetland,England,Hampshire,['Hampshire'],-1.2474,51.0448,4,Hatched,Wild,Fertile,Hatched,1,Hatched,Hatched,46,Phase.4
Wild.egg.223,Wild.Clutch.66,ECC_19.2022.Long.Down,2022,Wetland,England,Hampshire,['Hampshire'],-1.2474,51.0448,4,Hatched,Wild,Fertile,Hatched,1,Hatched,Hatched,46,Phase.4
Wild.egg.224,Wild.Clutch.67,ECC_19.2022.Ogdens,2022,Wetland,England,Hampshire,['Hampshire'],-1.2474,51.0448,3,Failed,Wild,Unknown,Unhatched,0,Failed,Unknown,NA,NA
Wild.egg.225,Wild.Clutch.67,ECC_19.2022.Ogdens,2022,Wetland,England,Hampshire,['Hampshire'],-1.2474,51.0448,3,Failed,Wild,Fertile,Hatched,1,Hatched,Hatched,46,Phase.4
Wild.egg.226,Wild.Clutch.67,ECC_19.2022.Ogdens,2022,Wetland,England,Hampshire,['Hampshire'],-1.2474,51.0448,3,Failed,Wild,Fertile,Hatched,1,Hatched,Hatched,46,Phase.4
Wild.egg.227,Wild.Clutch.68,ECC_19.2022.Redhill,2022,Wetland,England,Hampshire,['Hampshire'],-1.2474,51.0448,3,Hatched,Wild,Fertile,Hatched,1,Hatched,Hatched,46,Phase.4
Wild.egg.228,Wild.Clutch.68,ECC_19.2022.Redhill,2022,Wetland,England,Hampshire,['Hampshire'],-1.2474,51.0448,3,Hatched,Wild,Fertile,Hatched,1,Hatched,Hatched,46,Phase.4
Wild.egg.229,Wild.Clutch.68,ECC_19.2022.Redhill,2022,Wetland,England,Hampshire,['Hampshire'],-1.2474,51.0448,3,Hatched,Wild,Fertile,Hatched,1,Hatched,Hatched,46,Phase.4
Wild.egg.230,Wild.Clutch.70,ECC_2.2022.Farnaght,2022,Wetland,Republic of Ireland,Leitrim,County Leitrim,-8.0036,54.1404,4,Failed,Wild,Fertile,Unhatched,0,Failed,43-44 (after re-staging checks),43.5,Phase.3
Wild.egg.231,Wild.Clutch.70,ECC_2.2022.Farnaght,2022,Wetland,Republic of Ireland,Leitrim,County Leitrim,-8.0036,54.1404,4,Failed,Wild,Fertile,Unhatched,0,Failed,Early <2 days of incubation,NA,Phase.1
Wild.egg.232,Wild.Clutch.70,ECC_2.2022.Farnaght,2022,Wetland,Republic of Ireland,Leitrim,County Leitrim,-8.0036,54.1404,4,Failed,Wild,Fertile,Hatched,1,Hatched,Hatched,46,Phase.4
Wild.egg.233,Wild.Clutch.70,ECC_2.2022.Farnaght,2022,Wetland,Republic of Ireland,Leitrim,County Leitrim,-8.0036,54.1404,4,Failed,Wild,Fertile,Hatched,1,Hatched,Hatched,46,Phase.4
Wild.egg.234,Wild.Clutch.71,ECC_2.2022.II2,2022,Grassland,Republic of Ireland,Galway,County Galway,-9.1336,53.3404,4,Failed,Wild,Fertile,Hatched,1,Hatched,Hatched,46,Phase.4
Wild.egg.235,Wild.Clutch.71,ECC_2.2022.II2,2022,Grassland,Republic of Ireland,Galway,County Galway,-9.1336,53.3404,4,Failed,Wild,Fertile,Hatched,1,Hatched,Hatched,46,Phase.4
Wild.egg.236,Wild.Clutch.71,ECC_2.2022.II2,2022,Grassland,Republic of Ireland,Galway,County Galway,-9.1336,53.3404,4,Failed,Wild,Fertile,Unhatched,0,Failed,NA,NA,NA
Wild.egg.237,Wild.Clutch.71,ECC_2.2022.II2,2022,Grassland,Republic of Ireland,Galway,County Galway,-9.1336,53.3404,4,Failed,Wild,Fertile,Unhatched,0,Failed,NA,NA,NA
Wild.egg.238,Wild.Clutch.72,ECC_2.2022.Tulcon,2022,Wetland,Republic of Ireland,Leitrim,County Leitrim,-8.0036,54.1404,4,Hatched,Wild,Fertile,Hatched,1,Hatched,Hatched,46,Phase.4
Wild.egg.239,Wild.Clutch.72,ECC_2.2022.Tulcon,2022,Wetland,Republic of Ireland,Leitrim,County Leitrim,-8.0036,54.1404,4,Hatched,Wild,Fertile,Hatched,1,Hatched,Hatched,46,Phase.4
Wild.egg.240,Wild.Clutch.72,ECC_2.2022.Tulcon,2022,Wetland,Republic of Ireland,Leitrim,County Leitrim,-8.0036,54.1404,4,Hatched,Wild,Fertile,Hatched,1,Hatched,Hatched,46,Phase.4
Wild.egg.241,Wild.Clutch.72,ECC_2.2022.Tulcon,2022,Wetland,Republic of Ireland,Leitrim,County Leitrim,-8.0036,54.1404,4,Hatched,Wild,Fertile,Hatched,1,Hatched,Hatched,46,Phase.4
Wild.egg.242,Wild.Clutch.73,ECC_4.2022.PR3,2022,Grassland,England,Lancashire,['Lancashire'],-2.4609,53.8622,4,Failed,Wild,Fertile,Hatched,1,Hatched,Hatched,46,Phase.4
Wild.egg.243,Wild.Clutch.73,ECC_4.2022.PR3,2022,Grassland,England,Lancashire,['Lancashire'],-2.4609,53.8622,4,Failed,Wild,Fertile,Hatched,1,Hatched,Hatched,46,Phase.4
Wild.egg.244,Wild.Clutch.73,ECC_4.2022.PR3,2022,Grassland,England,Lancashire,['Lancashire'],-2.4609,53.8622,4,Failed,Wild,Fertile,Hatched,1,Hatched,Hatched,46,Phase.4
Wild.egg.245,Wild.Clutch.73,ECC_4.2022.PR3,2022,Grassland,England,Lancashire,['Lancashire'],-2.4609,53.8622,4,Failed,Wild,Fertile,Unhatched,0,Failed,NA,NA,NA
Wild.egg.246,Wild.Clutch.74,ECC_5.2022.1,2022,NA,England,Gloucestershire,['Gloucestershire'],-2.1524,51.8197,4,Hatched,Wild,Fertile,Hatched,1,Hatched,Hatched,46,Phase.4
Wild.egg.247,Wild.Clutch.74,ECC_5.2022.1,2022,NA,England,Gloucestershire,['Gloucestershire'],-2.1524,51.8197,4,Hatched,Wild,Fertile,Hatched,1,Hatched,Hatched,46,Phase.4
Wild.egg.248,Wild.Clutch.74,ECC_5.2022.1,2022,NA,England,Gloucestershire,['Gloucestershire'],-2.1524,51.8197,4,Hatched,Wild,Fertile,Hatched,1,Hatched,Hatched,46,Phase.4
Wild.egg.249,Wild.Clutch.74,ECC_5.2022.1,2022,NA,England,Gloucestershire,['Gloucestershire'],-2.1524,51.8197,4,Hatched,Wild,Fertile,Hatched,1,Hatched,Hatched,46,Phase.4
Wild.egg.250,Wild.Clutch.75,ECC_5.2022.10,2022,Grassland,England,Buckinghamshire,['Buckinghamshire'],-0.8057,51.7697,4,Hatched,Wild,Fertile,Hatched,1,Hatched,Hatched,46,Phase.4
Wild.egg.251,Wild.Clutch.75,ECC_5.2022.10,2022,Grassland,England,Buckinghamshire,['Buckinghamshire'],-0.8057,51.7697,4,Hatched,Wild,Fertile,Hatched,1,Hatched,Hatched,46,Phase.4
Wild.egg.252,Wild.Clutch.75,ECC_5.2022.10,2022,Grassland,England,Buckinghamshire,['Buckinghamshire'],-0.8057,51.7697,4,Hatched,Wild,Fertile,Hatched,1,Hatched,Hatched,46,Phase.4
Wild.egg.253,Wild.Clutch.75,ECC_5.2022.10,2022,Grassland,England,Buckinghamshire,['Buckinghamshire'],-0.8057,51.7697,4,Hatched,Wild,Fertile,Hatched,1,Hatched,Hatched,46,Phase.4
Wild.egg.254,Wild.Clutch.76,ECC_5.2022.12,2022,Grassland,England,Worcestershire,['Worcestershire'],-2.2094,52.2129,4,Predated,Wild,Fertile,Hatched,1,Hatched,Hatched,46,Phase.4
Wild.egg.255,Wild.Clutch.76,ECC_5.2022.12,2022,Grassland,England,Worcestershire,['Worcestershire'],-2.2094,52.2129,4,Predated,Wild,Fertile,Hatched,1,Hatched,Hatched,46,Phase.4
Wild.egg.256,Wild.Clutch.76,ECC_5.2022.12,2022,Grassland,England,Worcestershire,['Worcestershire'],-2.2094,52.2129,4,Predated,Wild,Fertile,Hatched,1,Hatched,Hatched,46,Phase.4
Wild.egg.257,Wild.Clutch.77,ECC_5.2022.13,2022,Grassland,England,NA,NA,NA,NA,4,Hatched,Wild,Fertile,Hatched,1,Hatched,Hatched,46,Phase.4
Wild.egg.258,Wild.Clutch.77,ECC_5.2022.13,2022,Grassland,England,NA,NA,NA,NA,4,Hatched,Wild,Fertile,Hatched,1,Hatched,Hatched,46,Phase.4
Wild.egg.259,Wild.Clutch.77,ECC_5.2022.13,2022,Grassland,England,NA,NA,NA,NA,4,Hatched,Wild,Fertile,Hatched,1,Hatched,Hatched,46,Phase.4
Wild.egg.260,Wild.Clutch.77,ECC_5.2022.13,2022,Grassland,England,NA,NA,NA,NA,4,Hatched,Wild,Fertile,Hatched,1,Hatched,Hatched,46,Phase.4
Wild.abandoned.2,Wild.Clutch.78,ECC_5.2022.14,2022,NA,England,Gloucestershire,['Gloucestershire'],-2.1524,51.8197,3,Abandoned,Wild,Fertile,Unhatched,0,Abandoned,11-Dec,11.5,Phase.1
Wild.abandoned.3,Wild.Clutch.78,ECC_5.2022.14,2022,NA,England,Gloucestershire,['Gloucestershire'],-2.1524,51.8197,3,Abandoned,Wild,Fertile,Unhatched,0,Abandoned,~5-10,7.5,Phase.1
Wild.abandoned.4,Wild.Clutch.78,ECC_5.2022.14,2022,NA,England,Gloucestershire,['Gloucestershire'],-2.1524,51.8197,3,Abandoned,Wild,Fertile,Unhatched,0,Abandoned,05-Jun,5.5,Phase.1
Wild.egg.261,Wild.Clutch.79,ECC_5.2022.2,2022,Grassland,England,Worcestershire,['Worcestershire'],-2.2094,52.2129,4,Hatched,Wild,Fertile,Hatched,1,Hatched,Hatched,46,Phase.4
Wild.egg.262,Wild.Clutch.79,ECC_5.2022.2,2022,Grassland,England,Worcestershire,['Worcestershire'],-2.2094,52.2129,4,Hatched,Wild,Fertile,Hatched,1,Hatched,Hatched,46,Phase.4
Wild.egg.263,Wild.Clutch.79,ECC_5.2022.2,2022,Grassland,England,Worcestershire,['Worcestershire'],-2.2094,52.2129,4,Hatched,Wild,Fertile,Hatched,1,Hatched,Hatched,46,Phase.4
Wild.egg.264,Wild.Clutch.79,ECC_5.2022.2,2022,Grassland,England,Worcestershire,['Worcestershire'],-2.2094,52.2129,4,Hatched,Wild,Fertile,Hatched,1,Hatched,Hatched,46,Phase.4
Wild.abandoned.5,Wild.Clutch.80,ECC_5.2022.3,2022,Grassland,England,Worcestershire,['Worcestershire'],-2.2094,52.2129,1,Abandoned,Wild,Unclear,Unhatched,0,Abandoned,Unknown (but likely early) - BUT UNCLEAR FERTILITY,NA,NA
Wild.egg.265,Wild.Clutch.82,ECC_5.2022.6,2022,Grassland,England,Worcestershire,['Worcestershire'],-2.2094,52.2129,4,Hatched,Wild,Fertile,Hatched,1,Hatched,Hatched,46,Phase.4
Wild.egg.266,Wild.Clutch.82,ECC_5.2022.6,2022,Grassland,England,Worcestershire,['Worcestershire'],-2.2094,52.2129,4,Hatched,Wild,Fertile,Hatched,1,Hatched,Hatched,46,Phase.4
Wild.egg.267,Wild.Clutch.82,ECC_5.2022.6,2022,Grassland,England,Worcestershire,['Worcestershire'],-2.2094,52.2129,4,Hatched,Wild,Fertile,Hatched,1,Hatched,Hatched,46,Phase.4
Wild.egg.268,Wild.Clutch.82,ECC_5.2022.6,2022,Grassland,England,Worcestershire,['Worcestershire'],-2.2094,52.2129,4,Hatched,Wild,Fertile,Hatched,1,Hatched,Hatched,46,Phase.4
Wild.egg.269,Wild.Clutch.83,ECC_5.2022.7,2022,NA,England,Worcestershire,['Worcestershire'],-2.2094,52.2129,4,Failed,Wild,Fertile,Unhatched,0,Failed,Unknown (but likely early),NA,Phase.1
Wild.egg.270,Wild.Clutch.83,ECC_5.2022.7,2022,NA,England,Worcestershire,['Worcestershire'],-2.2094,52.2129,4,Failed,Wild,Fertile,Hatched,1,Hatched,Hatched,46,Phase.4
Wild.egg.271,Wild.Clutch.83,ECC_5.2022.7,2022,NA,England,Worcestershire,['Worcestershire'],-2.2094,52.2129,4,Failed,Wild,Fertile,Hatched,1,Hatched,Hatched,46,Phase.4
Wild.egg.272,Wild.Clutch.83,ECC_5.2022.7,2022,NA,England,Worcestershire,['Worcestershire'],-2.2094,52.2129,4,Failed,Wild,Fertile,Hatched,1,Hatched,Hatched,46,Phase.4
Wild.abandoned.6,Wild.Clutch.84,ECC_5.2022.8,2022,NA,England,Worcestershire,['Worcestershire'],-2.2094,52.2129,4,Abandoned,Wild,Fertile,Unhatched,0,Abandoned,36 (after re-staging checks),36,Phase.3
Wild.abandoned.7,Wild.Clutch.84,ECC_5.2022.8,2022,NA,England,Worcestershire,['Worcestershire'],-2.2094,52.2129,4,Abandoned,Wild,Fertile,Unhatched,0,Abandoned,~36 (Nic agrees),36,Phase.3
Wild.abandoned.8,Wild.Clutch.84,ECC_5.2022.8,2022,NA,England,Worcestershire,['Worcestershire'],-2.2094,52.2129,4,Abandoned,Wild,Fertile,Unhatched,0,Abandoned,36-37 (after re-staging checks),36.5,Phase.3
Wild.abandoned.9,Wild.Clutch.84,ECC_5.2022.8,2022,NA,England,Worcestershire,['Worcestershire'],-2.2094,52.2129,4,Abandoned,Wild,Fertile,Unhatched,0,Abandoned,~36 (Nic agrees),36,Phase.3
Wild.egg.273,Wild.Clutch.85,ECC_6.2022.Carters,2022,Grassland,England,Cumbria,['Cumbria'],-2.9021,54.6364,4,Hatched,Wild,Fertile,Hatched,1,Hatched,Hatched,46,Phase.4
Wild.egg.274,Wild.Clutch.85,ECC_6.2022.Carters,2022,Grassland,England,Cumbria,['Cumbria'],-2.9021,54.6364,4,Hatched,Wild,Fertile,Hatched,1,Hatched,Hatched,46,Phase.4
Wild.egg.275,Wild.Clutch.85,ECC_6.2022.Carters,2022,Grassland,England,Cumbria,['Cumbria'],-2.9021,54.6364,4,Hatched,Wild,Fertile,Hatched,1,Hatched,Hatched,46,Phase.4
Wild.egg.276,Wild.Clutch.85,ECC_6.2022.Carters,2022,Grassland,England,Cumbria,['Cumbria'],-2.9021,54.6364,4,Hatched,Wild,Fertile,Hatched,1,Hatched,Hatched,46,Phase.4
Wild.egg.277,Wild.Clutch.86,ECC_6.2022.PS1,2022,NA,England,Cumbria,['Cumbria'],-2.9021,54.6364,4,Failed,Wild,Fertile,Unhatched,0,Failed,~40,40,Phase.3
Wild.egg.278,Wild.Clutch.86,ECC_6.2022.PS1,2022,NA,England,Cumbria,['Cumbria'],-2.9021,54.6364,4,Failed,Wild,Fertile,Unhatched,0,Failed,45,45,Phase.3
Wild.egg.279,Wild.Clutch.86,ECC_6.2022.PS1,2022,NA,England,Cumbria,['Cumbria'],-2.9021,54.6364,4,Failed,Wild,Fertile,Hatched,1,Hatched,Hatched,46,Phase.4
Wild.egg.280,Wild.Clutch.86,ECC_6.2022.PS1,2022,NA,England,Cumbria,['Cumbria'],-2.9021,54.6364,4,Failed,Wild,Fertile,Hatched,1,Hatched,Hatched,46,Phase.4
Wild.egg.281,Wild.Clutch.87,ECC_7.2022.1409,2022,Wetland,England,Somerset,['Somerset'],-3.296,51.0718,4,Failed,Wild,Fertile,Unhatched,0,Failed,Unknown (but must be more than stage 20),NA,NA
Wild.egg.282,Wild.Clutch.87,ECC_7.2022.1409,2022,Wetland,England,Somerset,['Somerset'],-3.296,51.0718,4,Failed,Wild,Fertile,Hatched,1,Hatched,Hatched,46,Phase.4
Wild.egg.283,Wild.Clutch.87,ECC_7.2022.1409,2022,Wetland,England,Somerset,['Somerset'],-3.296,51.0718,4,Failed,Wild,Fertile,Hatched,1,Hatched,Hatched,46,Phase.4
Wild.egg.284,Wild.Clutch.87,ECC_7.2022.1409,2022,Wetland,England,Somerset,['Somerset'],-3.296,51.0718,4,Failed,Wild,Fertile,Hatched,1,Hatched,Hatched,46,Phase.4
Wild.egg.285,Wild.Clutch.88,ECC_7.2022.1413,2022,Wetland,England,Somerset,['Somerset'],-3.296,51.0718,4,Hatched,Wild,Fertile,Hatched,1,Hatched,Hatched,46,Phase.4
Wild.egg.286,Wild.Clutch.88,ECC_7.2022.1413,2022,Wetland,England,Somerset,['Somerset'],-3.296,51.0718,4,Hatched,Wild,Fertile,Hatched,1,Hatched,Hatched,46,Phase.4
Wild.egg.287,Wild.Clutch.88,ECC_7.2022.1413,2022,Wetland,England,Somerset,['Somerset'],-3.296,51.0718,4,Hatched,Wild,Fertile,Hatched,1,Hatched,Hatched,46,Phase.4
Wild.egg.288,Wild.Clutch.88,ECC_7.2022.1413,2022,Wetland,England,Somerset,['Somerset'],-3.296,51.0718,4,Hatched,Wild,Fertile,Hatched,1,Hatched,Hatched,46,Phase.4
Wild.egg.289,Wild.Clutch.89,ECC_7.2022.1502,2022,Wetland,England,Somerset,['Somerset'],-3.296,51.0718,4,Failed,Wild,Unclear,Unhatched,0,Failed,Unknown (but likely early) - BUT UNCLEAR FERTILITY,NA,NA
Wild.egg.290,Wild.Clutch.89,ECC_7.2022.1502,2022,Wetland,England,Somerset,['Somerset'],-3.296,51.0718,4,Failed,Wild,Fertile,Hatched,1,Hatched,Hatched,46,Phase.4
Wild.egg.291,Wild.Clutch.89,ECC_7.2022.1502,2022,Wetland,England,Somerset,['Somerset'],-3.296,51.0718,4,Failed,Wild,Fertile,Hatched,1,Hatched,Hatched,46,Phase.4
Wild.egg.292,Wild.Clutch.89,ECC_7.2022.1502,2022,Wetland,England,Somerset,['Somerset'],-3.296,51.0718,4,Failed,Wild,Fertile,Hatched,1,Hatched,Hatched,46,Phase.4
Wild.egg.293,Wild.Clutch.90,ECC_7.2022.1806,2022,Wetland,England,Somerset,['Somerset'],-3.296,51.0718,4,Hatched,Wild,Fertile,Hatched,1,Hatched,Hatched,46,Phase.4
Wild.egg.294,Wild.Clutch.90,ECC_7.2022.1806,2022,Wetland,England,Somerset,['Somerset'],-3.296,51.0718,4,Hatched,Wild,Fertile,Hatched,1,Hatched,Hatched,46,Phase.4
Wild.egg.295,Wild.Clutch.90,ECC_7.2022.1806,2022,Wetland,England,Somerset,['Somerset'],-3.296,51.0718,4,Hatched,Wild,Fertile,Hatched,1,Hatched,Hatched,46,Phase.4
Wild.egg.296,Wild.Clutch.90,ECC_7.2022.1806,2022,Wetland,England,Somerset,['Somerset'],-3.296,51.0718,4,Hatched,Wild,Fertile,Hatched,1,Hatched,Hatched,46,Phase.4
Wild.egg.297,Wild.Clutch.92,ECC_8.2022.Aghafin 4.03A,2022,Wetland,Republic of Ireland,Monaghan,County Monaghan,-6.9418,54.1619,4,Failed,Wild,Fertile,Unhatched,0,Failed,43-44 (after re-staging checks),43.5,Phase.3
Wild.egg.298,Wild.Clutch.92,ECC_8.2022.Aghafin 4.03A,2022,Wetland,Republic of Ireland,Monaghan,County Monaghan,-6.9418,54.1619,4,Failed,Wild,Fertile,Unhatched,0,Failed,44 (after re-staging checks),44,Phase.3
Wild.egg.299,Wild.Clutch.92,ECC_8.2022.Aghafin 4.03A,2022,Wetland,Republic of Ireland,Monaghan,County Monaghan,-6.9418,54.1619,4,Failed,Wild,Fertile,Hatched,1,Hatched,Hatched,46,Phase.4
Wild.egg.300,Wild.Clutch.92,ECC_8.2022.Aghafin 4.03A,2022,Wetland,Republic of Ireland,Monaghan,County Monaghan,-6.9418,54.1619,4,Failed,Wild,Fertile,Hatched,1,Hatched,Hatched,46,Phase.4
Wild.egg.301,Wild.Clutch.93,ECC_8.2022.Annaghmadoo4.09,2022,Grassland,Republic of Ireland,Leitrim,County Leitrim,-8.0036,54.1404,4,Hatched,Wild,Fertile,Hatched,1,Hatched,Hatched,46,Phase.4
Wild.egg.302,Wild.Clutch.93,ECC_8.2022.Annaghmadoo4.09,2022,Grassland,Republic of Ireland,Leitrim,County Leitrim,-8.0036,54.1404,4,Hatched,Wild,Fertile,Hatched,1,Hatched,Hatched,46,Phase.4
Wild.egg.303,Wild.Clutch.93,ECC_8.2022.Annaghmadoo4.09,2022,Grassland,Republic of Ireland,Leitrim,County Leitrim,-8.0036,54.1404,4,Hatched,Wild,Fertile,Hatched,1,Hatched,Hatched,46,Phase.4
Wild.egg.304,Wild.Clutch.93,ECC_8.2022.Annaghmadoo4.09,2022,Grassland,Republic of Ireland,Leitrim,County Leitrim,-8.0036,54.1404,4,Hatched,Wild,Fertile,Hatched,1,Hatched,Hatched,46,Phase.4
Wild.egg.305,Wild.Clutch.95,ECC_8.2022.Lislea,2022,Grassland,Republic of Ireland,Monaghan,County Monaghan,-6.9418,54.1619,4,Predated,Wild,Fertile,Hatched,1,Hatched,Hatched,46,Phase.4
Wild.egg.306,Wild.Clutch.95,ECC_8.2022.Lislea,2022,Grassland,Republic of Ireland,Monaghan,County Monaghan,-6.9418,54.1619,4,Predated,Wild,Fertile,Hatched,1,Hatched,Hatched,46,Phase.4
Wild.egg.307,Wild.Clutch.95,ECC_8.2022.Lislea,2022,Grassland,Republic of Ireland,Monaghan,County Monaghan,-6.9418,54.1619,4,Predated,Wild,Fertile,Hatched,1,Hatched,Hatched,46,Phase.4
Wild.egg.308,Wild.Clutch.96,ECC_8.2022.Roscunnish,2022,Grassland,Republic of Ireland,Leitrim,County Leitrim,-8.0036,54.1404,4,Hatched,Wild,Fertile,Hatched,1,Hatched,Hatched,46,Phase.4
Wild.egg.309,Wild.Clutch.96,ECC_8.2022.Roscunnish,2022,Grassland,Republic of Ireland,Leitrim,County Leitrim,-8.0036,54.1404,4,Hatched,Wild,Fertile,Hatched,1,Hatched,Hatched,46,Phase.4
Wild.egg.310,Wild.Clutch.96,ECC_8.2022.Roscunnish,2022,Grassland,Republic of Ireland,Leitrim,County Leitrim,-8.0036,54.1404,4,Hatched,Wild,Fertile,Hatched,1,Hatched,Hatched,46,Phase.4
Wild.egg.311,Wild.Clutch.96,ECC_8.2022.Roscunnish,2022,Grassland,Republic of Ireland,Leitrim,County Leitrim,-8.0036,54.1404,4,Hatched,Wild,Fertile,Hatched,1,Hatched,Hatched,46,Phase.4
Wild.egg.312,Wild.Clutch.97,ECC_1.2023.Cu1,2023,NA,Scotland,Aberdeenshire,['Aberdeenshire'],-2.7921,57.2347,4,Hatched,Wild,Fertile,Hatched,1,Hatched,Hatched ,46,Phase.4
Wild.egg.313,Wild.Clutch.97,ECC_1.2023.Cu1,2023,NA,Scotland,Aberdeenshire,['Aberdeenshire'],-2.7921,57.2347,4,Hatched,Wild,Fertile,Hatched,1,Hatched,Hatched ,46,Phase.4
Wild.egg.314,Wild.Clutch.97,ECC_1.2023.Cu1,2023,NA,Scotland,Aberdeenshire,['Aberdeenshire'],-2.7921,57.2347,4,Hatched,Wild,Fertile,Hatched,1,Hatched,Hatched ,46,Phase.4
Wild.egg.315,Wild.Clutch.97,ECC_1.2023.Cu1,2023,NA,Scotland,Aberdeenshire,['Aberdeenshire'],-2.7921,57.2347,4,Hatched,Wild,Fertile,Hatched,1,Hatched,Hatched ,46,Phase.4
Wild.egg.316,Wild.Clutch.98,ECC_1.2023.Cu2,2023,NA,Scotland,Aberdeenshire,['Aberdeenshire'],-2.7921,57.2347,4,Failed,Wild,Fertile,Unhatched,0,Failed,Early stage (<10),5.5,Phase.1
Wild.egg.317,Wild.Clutch.98,ECC_1.2023.Cu2,2023,NA,Scotland,Aberdeenshire,['Aberdeenshire'],-2.7921,57.2347,4,Failed,Wild,Fertile,Hatched,1,Hatched,Hatched ,46,Phase.4
Wild.egg.318,Wild.Clutch.98,ECC_1.2023.Cu2,2023,NA,Scotland,Aberdeenshire,['Aberdeenshire'],-2.7921,57.2347,4,Failed,Wild,Fertile,Hatched,1,Hatched,Hatched ,46,Phase.4
Wild.egg.319,Wild.Clutch.98,ECC_1.2023.Cu2,2023,NA,Scotland,Aberdeenshire,['Aberdeenshire'],-2.7921,57.2347,4,Failed,Wild,Fertile,Hatched,1,Hatched,Hatched ,46,Phase.4
Wild.egg.320,Wild.Clutch.99,ECC_1.2023.Cu4,2023,Moorland,Scotland,Aberdeenshire,['Aberdeenshire'],-2.7921,57.2347,4,Hatched,Wild,Fertile,Hatched,1,Hatched,Hatched ,46,Phase.4
Wild.egg.321,Wild.Clutch.99,ECC_1.2023.Cu4,2023,Moorland,Scotland,Aberdeenshire,['Aberdeenshire'],-2.7921,57.2347,4,Hatched,Wild,Fertile,Hatched,1,Hatched,Hatched ,46,Phase.4
Wild.egg.322,Wild.Clutch.99,ECC_1.2023.Cu4,2023,Moorland,Scotland,Aberdeenshire,['Aberdeenshire'],-2.7921,57.2347,4,Hatched,Wild,Fertile,Hatched,1,Hatched,Hatched ,46,Phase.4
Wild.egg.323,Wild.Clutch.99,ECC_1.2023.Cu4,2023,Moorland,Scotland,Aberdeenshire,['Aberdeenshire'],-2.7921,57.2347,4,Hatched,Wild,Fertile,Hatched,1,Hatched,Hatched ,46,Phase.4
Wild.egg.324,Wild.Clutch.100,ECC_11.2023.Hare.Nest.1.NE.Green.Field,2023,Grassland,Northern Ireland,Fermanagh,County Fermanagh,-7.5271,54.3852,4,Hatched,Wild,Fertile,Hatched,1,Hatched,Hatched,46,Phase.4
Wild.egg.325,Wild.Clutch.100,ECC_11.2023.Hare.Nest.1.NE.Green.Field,2023,Grassland,Northern Ireland,Fermanagh,County Fermanagh,-7.5271,54.3852,4,Hatched,Wild,Fertile,Hatched,1,Hatched,Hatched,46,Phase.4
Wild.egg.326,Wild.Clutch.100,ECC_11.2023.Hare.Nest.1.NE.Green.Field,2023,Grassland,Northern Ireland,Fermanagh,County Fermanagh,-7.5271,54.3852,4,Hatched,Wild,Fertile,Hatched,1,Hatched,Hatched,46,Phase.4
Wild.egg.327,Wild.Clutch.100,ECC_11.2023.Hare.Nest.1.NE.Green.Field,2023,Grassland,Northern Ireland,Fermanagh,County Fermanagh,-7.5271,54.3852,4,Hatched,Wild,Fertile,Hatched,1,Hatched,Hatched,46,Phase.4
Wild.egg.328,Wild.Clutch.101,ECC_11.2023.Hare.Nest.2.SE,2023,Grassland,Northern Ireland,Fermanagh,County Fermanagh,-7.5271,54.3852,4,Mixed,Wild,Fertile,Hatched,1,Hatched,Hatched,46,Phase.4
Wild.egg.329,Wild.Clutch.101,ECC_11.2023.Hare.Nest.2.SE,2023,Grassland,Northern Ireland,Fermanagh,County Fermanagh,-7.5271,54.3852,4,Mixed,Wild,Fertile,Unhatched,0,Failed,NA,NA,NA
Wild.egg.330,Wild.Clutch.101,ECC_11.2023.Hare.Nest.2.SE,2023,Grassland,Northern Ireland,Fermanagh,County Fermanagh,-7.5271,54.3852,4,Mixed,Wild,Fertile,Unhatched,0,Failed,NA,NA,NA
Wild.egg.331,Wild.Clutch.102,ECC_11.2023.Horse.Island.East.Point,2023,Wetland,Northern Ireland,Fermanagh,County Fermanagh,-7.5271,54.3852,4,Hatched,Wild,Fertile,Hatched,1,Hatched,Hatched,46,Phase.4
Wild.egg.332,Wild.Clutch.102,ECC_11.2023.Horse.Island.East.Point,2023,Wetland,Northern Ireland,Fermanagh,County Fermanagh,-7.5271,54.3852,4,Hatched,Wild,Fertile,Hatched,1,Hatched,Hatched,46,Phase.4
Wild.egg.333,Wild.Clutch.102,ECC_11.2023.Horse.Island.East.Point,2023,Wetland,Northern Ireland,Fermanagh,County Fermanagh,-7.5271,54.3852,4,Hatched,Wild,Fertile,Hatched,1,Hatched,Hatched,46,Phase.4
Wild.egg.334,Wild.Clutch.102,ECC_11.2023.Horse.Island.East.Point,2023,Wetland,Northern Ireland,Fermanagh,County Fermanagh,-7.5271,54.3852,4,Hatched,Wild,Fertile,Hatched,1,Hatched,Hatched,46,Phase.4
Wild.egg.335,Wild.Clutch.103,ECC_11.2023.Lowery.Shore.Field.6,2023,Wetland,Northern Ireland,Fermanagh,County Fermanagh,-7.5271,54.3852,4,Failed,Wild,Fertile,Hatched,1,Hatched,Hatched,46,Phase.4
Wild.egg.336,Wild.Clutch.103,ECC_11.2023.Lowery.Shore.Field.6,2023,Wetland,Northern Ireland,Fermanagh,County Fermanagh,-7.5271,54.3852,4,Failed,Wild,Fertile,Hatched,1,Hatched,Hatched,46,Phase.4
Wild.egg.337,Wild.Clutch.103,ECC_11.2023.Lowery.Shore.Field.6,2023,Wetland,Northern Ireland,Fermanagh,County Fermanagh,-7.5271,54.3852,4,Failed,Wild,Fertile,Unhatched,0,Failed,NA,NA,NA
Wild.egg.338,Wild.Clutch.103,ECC_11.2023.Lowery.Shore.Field.6,2023,Wetland,Northern Ireland,Fermanagh,County Fermanagh,-7.5271,54.3852,4,Failed,Wild,Fertile,Unhatched,0,Failed,NA,NA,NA
Wild.egg.339,Wild.Clutch.104,ECC_11.2023.Muckinish.Plateau,2023,Wetland,Northern Ireland,Fermanagh,County Fermanagh,-7.5271,54.3852,4,Hatched,Wild,Fertile,Hatched,1,Hatched,Hatched,46,Phase.4
Wild.egg.340,Wild.Clutch.104,ECC_11.2023.Muckinish.Plateau,2023,Wetland,Northern Ireland,Fermanagh,County Fermanagh,-7.5271,54.3852,4,Hatched,Wild,Fertile,Hatched,1,Hatched,Hatched,46,Phase.4
Wild.egg.341,Wild.Clutch.104,ECC_11.2023.Muckinish.Plateau,2023,Wetland,Northern Ireland,Fermanagh,County Fermanagh,-7.5271,54.3852,4,Hatched,Wild,Fertile,Hatched,1,Hatched,Hatched,46,Phase.4
Wild.egg.342,Wild.Clutch.104,ECC_11.2023.Muckinish.Plateau,2023,Wetland,Northern Ireland,Fermanagh,County Fermanagh,-7.5271,54.3852,4,Hatched,Wild,Fertile,Hatched,1,Hatched,Hatched,46,Phase.4
Wild.egg.343,Wild.Clutch.105,ECC_11.2023.Roscor.Nest.1.West.End,2023,Wetland,Northern Ireland,Fermanagh,County Fermanagh,-7.5271,54.3852,4,Hatched,Wild,Fertile,Hatched,1,Hatched,Hatched,46,Phase.4
Wild.egg.344,Wild.Clutch.105,ECC_11.2023.Roscor.Nest.1.West.End,2023,Wetland,Northern Ireland,Fermanagh,County Fermanagh,-7.5271,54.3852,4,Hatched,Wild,Fertile,Hatched,1,Hatched,Hatched,46,Phase.4
Wild.egg.345,Wild.Clutch.105,ECC_11.2023.Roscor.Nest.1.West.End,2023,Wetland,Northern Ireland,Fermanagh,County Fermanagh,-7.5271,54.3852,4,Hatched,Wild,Fertile,Hatched,1,Hatched,Hatched,46,Phase.4
Wild.egg.346,Wild.Clutch.105,ECC_11.2023.Roscor.Nest.1.West.End,2023,Wetland,Northern Ireland,Fermanagh,County Fermanagh,-7.5271,54.3852,4,Hatched,Wild,Fertile,Hatched,1,Hatched,Hatched,46,Phase.4
Wild.egg.347,Wild.Clutch.106,ECC_11.2023.Roscor.Nest.2.South.Slope,2023,Wetland,Northern Ireland,Fermanagh,County Fermanagh,-7.5271,54.3852,4,Hatched,Wild,Fertile,Hatched,1,Hatched,Hatched,46,Phase.4
Wild.egg.348,Wild.Clutch.106,ECC_11.2023.Roscor.Nest.2.South.Slope,2023,Wetland,Northern Ireland,Fermanagh,County Fermanagh,-7.5271,54.3852,4,Hatched,Wild,Fertile,Hatched,1,Hatched,Hatched,46,Phase.4
Wild.egg.349,Wild.Clutch.106,ECC_11.2023.Roscor.Nest.2.South.Slope,2023,Wetland,Northern Ireland,Fermanagh,County Fermanagh,-7.5271,54.3852,4,Hatched,Wild,Fertile,Hatched,1,Hatched,Hatched,46,Phase.4
Wild.egg.350,Wild.Clutch.106,ECC_11.2023.Roscor.Nest.2.South.Slope,2023,Wetland,Northern Ireland,Fermanagh,County Fermanagh,-7.5271,54.3852,4,Hatched,Wild,Fertile,Hatched,1,Hatched,Hatched,46,Phase.4
Wild.egg.351,Wild.Clutch.107,ECC_11.2023.White.South.SW.Field,2023,Wetland,Northern Ireland,Fermanagh,County Fermanagh,-7.5271,54.3852,4,Unknown,Wild,Fertile,Hatched,1,Hatched,Hatched,46,Phase.4
Wild.egg.352,Wild.Clutch.107,ECC_11.2023.White.South.SW.Field,2023,Wetland,Northern Ireland,Fermanagh,County Fermanagh,-7.5271,54.3852,4,Unknown,Wild,Fertile,Hatched,1,Hatched,Hatched,46,Phase.4
Wild.egg.353,Wild.Clutch.107,ECC_11.2023.White.South.SW.Field,2023,Wetland,Northern Ireland,Fermanagh,County Fermanagh,-7.5271,54.3852,4,Unknown,Wild,Fertile,Hatched,1,Hatched,Hatched,46,Phase.4
Wild.egg.354,Wild.Clutch.108,ECC_12.2023.1,2023,Grassland,England,Cumbria,['Cumbria'],-2.9021,54.6364,4,Mixed,Wild,Fertile,Hatched,1,Hatched,Hatched,46,Phase.4
Wild.egg.355,Wild.Clutch.108,ECC_12.2023.1,2023,Grassland,England,Cumbria,['Cumbria'],-2.9021,54.6364,4,Mixed,Wild,Fertile,Hatched,1,Hatched,Hatched,46,Phase.4
Wild.egg.356,Wild.Clutch.109,ECC_12.2023.2,2023,Grassland,England,Northumberland,['Northumberland'],-2.0752,55.3004,4,Hatched,Wild,Fertile,Hatched,1,Hatched,Hatched,46,Phase.4
Wild.egg.357,Wild.Clutch.109,ECC_12.2023.2,2023,Grassland,England,Northumberland,['Northumberland'],-2.0752,55.3004,4,Hatched,Wild,Fertile,Hatched,1,Hatched,Hatched,46,Phase.4
Wild.egg.358,Wild.Clutch.109,ECC_12.2023.2,2023,Grassland,England,Northumberland,['Northumberland'],-2.0752,55.3004,4,Hatched,Wild,Fertile,Hatched,1,Hatched,Hatched,46,Phase.4
Wild.egg.359,Wild.Clutch.109,ECC_12.2023.2,2023,Grassland,England,Northumberland,['Northumberland'],-2.0752,55.3004,4,Hatched,Wild,Fertile,Hatched,1,Hatched,Hatched,46,Phase.4
Wild.egg.360,Wild.Clutch.110,ECC_12.2023.3,2023,Grassland,England,Cumbria,['Cumbria'],-2.9021,54.6364,3,Hatched,Wild,Fertile,Hatched,1,Hatched,Hatched,46,Phase.4
Wild.egg.361,Wild.Clutch.110,ECC_12.2023.3,2023,Grassland,England,Cumbria,['Cumbria'],-2.9021,54.6364,3,Hatched,Wild,Fertile,Hatched,1,Hatched,Hatched,46,Phase.4
Wild.egg.362,Wild.Clutch.110,ECC_12.2023.3,2023,Grassland,England,Cumbria,['Cumbria'],-2.9021,54.6364,3,Hatched,Wild,Fertile,Hatched,1,Hatched,Hatched,46,Phase.4
Wild.egg.363,Wild.Clutch.111,ECC_12.2023.6,2023,Grassland,England,Northumberland,['Northumberland'],-2.0752,55.3004,4,Hatched,Wild,Fertile,Hatched,1,Hatched,Hatched,46,Phase.4
Wild.egg.364,Wild.Clutch.111,ECC_12.2023.6,2023,Grassland,England,Northumberland,['Northumberland'],-2.0752,55.3004,4,Hatched,Wild,Fertile,Hatched,1,Hatched,Hatched,46,Phase.4
Wild.egg.365,Wild.Clutch.111,ECC_12.2023.6,2023,Grassland,England,Northumberland,['Northumberland'],-2.0752,55.3004,4,Hatched,Wild,Fertile,Hatched,1,Hatched,Hatched,46,Phase.4
Wild.egg.366,Wild.Clutch.111,ECC_12.2023.6,2023,Grassland,England,Northumberland,['Northumberland'],-2.0752,55.3004,4,Hatched,Wild,Fertile,Hatched,1,Hatched,Hatched,46,Phase.4
Wild.egg.367,Wild.Clutch.112,ECC_12.2023.7,2023,Grassland,England,NA,NA,NA,NA,4,Mixed,Wild,Fertile,Unhatched,0,Failed,Unclear - very approx. stage 35 but definitely mid-stage,NA,NA
Wild.egg.368,Wild.Clutch.112,ECC_12.2023.7,2023,Grassland,England,NA,NA,NA,NA,4,Mixed,Wild,Fertile,Unhatched,0,Failed,Unclear - impossible to stage accurately but definitely in mid stage (~30-33ish),NA,NA
Wild.egg.369,Wild.Clutch.112,ECC_12.2023.7,2023,Grassland,England,NA,NA,NA,NA,4,Mixed,Wild,Fertile,Unhatched,0,Failed,Unclear - but likely late 30s (mid-stage),NA,Phase.3
Wild.egg.370,Wild.Clutch.113,ECC_12.2023.Geltsdale.13,2023,Grassland,England,Cumbria,['Cumbria'],-2.9021,54.6364,4,Hatched,Wild,Fertile,Hatched,1,Hatched,Hatched,46,Phase.4
Wild.egg.371,Wild.Clutch.113,ECC_12.2023.Geltsdale.13,2023,Grassland,England,Cumbria,['Cumbria'],-2.9021,54.6364,4,Hatched,Wild,Fertile,Hatched,1,Hatched,Hatched,46,Phase.4
Wild.egg.372,Wild.Clutch.113,ECC_12.2023.Geltsdale.13,2023,Grassland,England,Cumbria,['Cumbria'],-2.9021,54.6364,4,Hatched,Wild,Fertile,Hatched,1,Hatched,Hatched,46,Phase.4
Wild.egg.373,Wild.Clutch.113,ECC_12.2023.Geltsdale.13,2023,Grassland,England,Cumbria,['Cumbria'],-2.9021,54.6364,4,Hatched,Wild,Fertile,Hatched,1,Hatched,Hatched,46,Phase.4
Wild.egg.374,Wild.Clutch.114,ECC_12.2023.Geltsdale.14,2023,Grassland,England,Cumbria,['Cumbria'],-2.9021,54.6364,4,Hatched,Wild,Fertile,Hatched,1,Hatched,Hatched,46,Phase.4
Wild.egg.375,Wild.Clutch.114,ECC_12.2023.Geltsdale.14,2023,Grassland,England,Cumbria,['Cumbria'],-2.9021,54.6364,4,Hatched,Wild,Fertile,Hatched,1,Hatched,Hatched,46,Phase.4
Wild.egg.376,Wild.Clutch.114,ECC_12.2023.Geltsdale.14,2023,Grassland,England,Cumbria,['Cumbria'],-2.9021,54.6364,4,Hatched,Wild,Fertile,Hatched,1,Hatched,Hatched,46,Phase.4
Wild.egg.377,Wild.Clutch.114,ECC_12.2023.Geltsdale.14,2023,Grassland,England,Cumbria,['Cumbria'],-2.9021,54.6364,4,Hatched,Wild,Fertile,Hatched,1,Hatched,Hatched,46,Phase.4
Wild.egg.378,Wild.Clutch.115,ECC_12.2023.Geltsdale.15,2023,Grassland,England,Cumbria,['Cumbria'],-2.9021,54.6364,4,Hatched,Wild,Fertile,Hatched,1,Hatched,Hatched,46,Phase.4
Wild.egg.379,Wild.Clutch.115,ECC_12.2023.Geltsdale.15,2023,Grassland,England,Cumbria,['Cumbria'],-2.9021,54.6364,4,Hatched,Wild,Fertile,Hatched,1,Hatched,Hatched,46,Phase.4
Wild.egg.380,Wild.Clutch.115,ECC_12.2023.Geltsdale.15,2023,Grassland,England,Cumbria,['Cumbria'],-2.9021,54.6364,4,Hatched,Wild,Fertile,Hatched,1,Hatched,Hatched,46,Phase.4
Wild.egg.381,Wild.Clutch.115,ECC_12.2023.Geltsdale.15,2023,Grassland,England,Cumbria,['Cumbria'],-2.9021,54.6364,4,Hatched,Wild,Fertile,Hatched,1,Hatched,Hatched,46,Phase.4
Wild.egg.382,Wild.Clutch.116,ECC_12.2023.Geltsdale.2,2023,Grassland,England,Cumbria,['Cumbria'],-2.9021,54.6364,4,Hatched,Wild,Fertile,Hatched,1,Hatched,Hatched,46,Phase.4
Wild.egg.383,Wild.Clutch.116,ECC_12.2023.Geltsdale.2,2023,Grassland,England,Cumbria,['Cumbria'],-2.9021,54.6364,4,Hatched,Wild,Fertile,Hatched,1,Hatched,Hatched,46,Phase.4
Wild.egg.384,Wild.Clutch.116,ECC_12.2023.Geltsdale.2,2023,Grassland,England,Cumbria,['Cumbria'],-2.9021,54.6364,4,Hatched,Wild,Fertile,Hatched,1,Hatched,Hatched,46,Phase.4
Wild.egg.385,Wild.Clutch.116,ECC_12.2023.Geltsdale.2,2023,Grassland,England,Cumbria,['Cumbria'],-2.9021,54.6364,4,Hatched,Wild,Fertile,Hatched,1,Hatched,Hatched,46,Phase.4
Wild.egg.386,Wild.Clutch.118,ECC_12.2023.Geltsdale.7,2023,Grassland,England,Cumbria,['Cumbria'],-2.9021,54.6364,4,Hatched,Wild,Fertile,Hatched,1,Hatched,Hatched,46,Phase.4
Wild.egg.387,Wild.Clutch.118,ECC_12.2023.Geltsdale.7,2023,Grassland,England,Cumbria,['Cumbria'],-2.9021,54.6364,4,Hatched,Wild,Fertile,Hatched,1,Hatched,Hatched,46,Phase.4
Wild.egg.388,Wild.Clutch.118,ECC_12.2023.Geltsdale.7,2023,Grassland,England,Cumbria,['Cumbria'],-2.9021,54.6364,4,Hatched,Wild,Fertile,Hatched,1,Hatched,Hatched,46,Phase.4
Wild.egg.389,Wild.Clutch.118,ECC_12.2023.Geltsdale.7,2023,Grassland,England,Cumbria,['Cumbria'],-2.9021,54.6364,4,Hatched,Wild,Fertile,Hatched,1,Hatched,Hatched,46,Phase.4
Wild.egg.390,Wild.Clutch.119,ECC_12.2023.Geltsdale.8,2023,Grassland,England,Cumbria,['Cumbria'],-2.9021,54.6364,4,Hatched,Wild,Fertile,Hatched,1,Hatched,Hatched,46,Phase.4
Wild.egg.391,Wild.Clutch.119,ECC_12.2023.Geltsdale.8,2023,Grassland,England,Cumbria,['Cumbria'],-2.9021,54.6364,4,Hatched,Wild,Fertile,Hatched,1,Hatched,Hatched,46,Phase.4
Wild.egg.392,Wild.Clutch.119,ECC_12.2023.Geltsdale.8,2023,Grassland,England,Cumbria,['Cumbria'],-2.9021,54.6364,4,Hatched,Wild,Fertile,Hatched,1,Hatched,Hatched,46,Phase.4
Wild.egg.393,Wild.Clutch.119,ECC_12.2023.Geltsdale.8,2023,Grassland,England,Cumbria,['Cumbria'],-2.9021,54.6364,4,Hatched,Wild,Fertile,Hatched,1,Hatched,Hatched,46,Phase.4
Wild.egg.394,Wild.Clutch.120,ECC_12.2023.Geltsdale.9,2023,Grassland,England,Cumbria,['Cumbria'],-2.9021,54.6364,4,Hatched,Wild,Fertile,Hatched,1,Hatched,Hatched,46,Phase.4
Wild.egg.395,Wild.Clutch.120,ECC_12.2023.Geltsdale.9,2023,Grassland,England,Cumbria,['Cumbria'],-2.9021,54.6364,4,Hatched,Wild,Fertile,Hatched,1,Hatched,Hatched,46,Phase.4
Wild.egg.396,Wild.Clutch.120,ECC_12.2023.Geltsdale.9,2023,Grassland,England,Cumbria,['Cumbria'],-2.9021,54.6364,4,Hatched,Wild,Fertile,Hatched,1,Hatched,Hatched,46,Phase.4
Wild.egg.397,Wild.Clutch.120,ECC_12.2023.Geltsdale.9,2023,Grassland,England,Cumbria,['Cumbria'],-2.9021,54.6364,4,Hatched,Wild,Fertile,Hatched,1,Hatched,Hatched,46,Phase.4
Wild.egg.398,Wild.Clutch.121,ECC_14.2023.NE23_5,2023,Grassland,England,Oxfordshire,['Oxfordshire'],-1.2915,51.7716,4,Failed,Wild,Fertile,Unhatched,0,Failed,43,43,Phase.3
Wild.egg.399,Wild.Clutch.121,ECC_14.2023.NE23_5,2023,Grassland,England,Oxfordshire,['Oxfordshire'],-1.2915,51.7716,4,Failed,Wild,Fertile,Hatched,1,Hatched,Hatched,46,Phase.4
Wild.egg.400,Wild.Clutch.121,ECC_14.2023.NE23_5,2023,Grassland,England,Oxfordshire,['Oxfordshire'],-1.2915,51.7716,4,Failed,Wild,Fertile,Hatched,1,Hatched,Hatched,46,Phase.4
Wild.egg.401,Wild.Clutch.121,ECC_14.2023.NE23_5,2023,Grassland,England,Oxfordshire,['Oxfordshire'],-1.2915,51.7716,4,Failed,Wild,Fertile,Hatched,1,Hatched,Hatched,46,Phase.4
Wild.egg.402,Wild.Clutch.122,ECC_17.2023.F2,2023,Wetland,Wales,Conwy County Borough,['Conwy'],-3.7465,53.1474,4,Hatched,Wild,Fertile,Hatched,1,Hatched,Hatched,46,Phase.4
Wild.egg.403,Wild.Clutch.122,ECC_17.2023.F2,2023,Wetland,Wales,Conwy County Borough,['Conwy'],-3.7465,53.1474,4,Hatched,Wild,Fertile,Hatched,1,Hatched,Hatched,46,Phase.4
Wild.egg.404,Wild.Clutch.122,ECC_17.2023.F2,2023,Wetland,Wales,Conwy County Borough,['Conwy'],-3.7465,53.1474,4,Hatched,Wild,Fertile,Hatched,1,Hatched,Hatched,46,Phase.4
Wild.egg.405,Wild.Clutch.122,ECC_17.2023.F2,2023,Wetland,Wales,Conwy County Borough,['Conwy'],-3.7465,53.1474,4,Hatched,Wild,Fertile,Hatched,1,Hatched,Hatched,46,Phase.4
Wild.egg.406,Wild.Clutch.123,ECC_17.2023.GD1,2023,Wetland,Wales,Conwy County Borough,['Conwy'],-3.7465,53.1474,3,Hatched,Wild,Fertile,Hatched,1,Hatched,Hatched,46,Phase.4
Wild.egg.407,Wild.Clutch.123,ECC_17.2023.GD1,2023,Wetland,Wales,Conwy County Borough,['Conwy'],-3.7465,53.1474,3,Hatched,Wild,Fertile,Hatched,1,Hatched,Hatched,46,Phase.4
Wild.egg.408,Wild.Clutch.123,ECC_17.2023.GD1,2023,Wetland,Wales,Conwy County Borough,['Conwy'],-3.7465,53.1474,3,Hatched,Wild,Fertile,Hatched,1,Hatched,Hatched,46,Phase.4
Wild.egg.409,Wild.Clutch.124,ECC_17.2023.GD2,2023,Wetland,Wales,Conwy County Borough,['Conwy'],-3.7465,53.1474,4,Predated,Wild,Fertile,Hatched,1,Hatched,Hatched,46,Phase.4
Wild.egg.410,Wild.Clutch.124,ECC_17.2023.GD2,2023,Wetland,Wales,Conwy County Borough,['Conwy'],-3.7465,53.1474,4,Predated,Wild,Fertile,Hatched,1,Hatched,Hatched,46,Phase.4
Wild.egg.411,Wild.Clutch.125,ECC_17.2023.NE05_1,2023,Grassland,England,Oxfordshire,['Oxfordshire'],-1.2915,51.7716,4,Hatched,Wild,Fertile,Hatched,1,Hatched,Hatched,46,Phase.4
Wild.egg.412,Wild.Clutch.125,ECC_17.2023.NE05_1,2023,Grassland,England,Oxfordshire,['Oxfordshire'],-1.2915,51.7716,4,Hatched,Wild,Fertile,Hatched,1,Hatched,Hatched,46,Phase.4
Wild.egg.413,Wild.Clutch.125,ECC_17.2023.NE05_1,2023,Grassland,England,Oxfordshire,['Oxfordshire'],-1.2915,51.7716,4,Hatched,Wild,Fertile,Hatched,1,Hatched,Hatched,46,Phase.4
Wild.egg.414,Wild.Clutch.125,ECC_17.2023.NE05_1,2023,Grassland,England,Oxfordshire,['Oxfordshire'],-1.2915,51.7716,4,Hatched,Wild,Fertile,Hatched,1,Hatched,Hatched,46,Phase.4
Wild.egg.415,Wild.Clutch.126,ECC_17.2023.NE05_5,2023,Grassland,England,Oxfordshire,['Oxfordshire'],-1.2915,51.7716,4,Unknown,Wild,Fertile,Hatched,1,Hatched,Hatched,46,Phase.4
Wild.egg.416,Wild.Clutch.126,ECC_17.2023.NE05_5,2023,Grassland,England,Oxfordshire,['Oxfordshire'],-1.2915,51.7716,4,Unknown,Wild,Fertile,Hatched,1,Hatched,Hatched,46,Phase.4
Wild.egg.417,Wild.Clutch.126,ECC_17.2023.NE05_5,2023,Grassland,England,Oxfordshire,['Oxfordshire'],-1.2915,51.7716,4,Unknown,Wild,Fertile,Hatched,1,Hatched,Hatched,46,Phase.4
Wild.egg.418,Wild.Clutch.127,ECC_17.2023.NE12_2,2023,Grassland,England,Oxfordshire,['Oxfordshire'],-1.2915,51.7716,4,Hatched,Wild,Fertile,Hatched,1,Hatched,Hatched,46,Phase.4
Wild.egg.419,Wild.Clutch.127,ECC_17.2023.NE12_2,2023,Grassland,England,Oxfordshire,['Oxfordshire'],-1.2915,51.7716,4,Hatched,Wild,Fertile,Hatched,1,Hatched,Hatched,46,Phase.4
Wild.egg.420,Wild.Clutch.127,ECC_17.2023.NE12_2,2023,Grassland,England,Oxfordshire,['Oxfordshire'],-1.2915,51.7716,4,Hatched,Wild,Fertile,Hatched,1,Hatched,Hatched,46,Phase.4
Wild.egg.421,Wild.Clutch.127,ECC_17.2023.NE12_2,2023,Grassland,England,Oxfordshire,['Oxfordshire'],-1.2915,51.7716,4,Hatched,Wild,Fertile,Hatched,1,Hatched,Hatched,46,Phase.4
Wild.egg.422,Wild.Clutch.128,ECC_17.2023.P2,2023,Wetland,Wales,Conwy County Borough,['Conwy'],-3.7465,53.1474,4,Hatched,Wild,Fertile,Hatched,1,Hatched,Hatched,46,Phase.4
Wild.egg.423,Wild.Clutch.128,ECC_17.2023.P2,2023,Wetland,Wales,Conwy County Borough,['Conwy'],-3.7465,53.1474,4,Hatched,Wild,Fertile,Hatched,1,Hatched,Hatched,46,Phase.4
Wild.egg.424,Wild.Clutch.128,ECC_17.2023.P2,2023,Wetland,Wales,Conwy County Borough,['Conwy'],-3.7465,53.1474,4,Hatched,Wild,Fertile,Hatched,1,Hatched,Hatched,46,Phase.4
Wild.egg.425,Wild.Clutch.128,ECC_17.2023.P2,2023,Wetland,Wales,Conwy County Borough,['Conwy'],-3.7465,53.1474,4,Hatched,Wild,Fertile,Hatched,1,Hatched,Hatched,46,Phase.4
Wild.egg.426,Wild.Clutch.129,ECC_17.2023.P3,2023,Wetland,Wales,Conwy County Borough,['Conwy'],-3.7465,53.1474,4,Hatched,Wild,Fertile,Hatched,1,Hatched,Hatched,46,Phase.4
Wild.egg.427,Wild.Clutch.129,ECC_17.2023.P3,2023,Wetland,Wales,Conwy County Borough,['Conwy'],-3.7465,53.1474,4,Hatched,Wild,Fertile,Hatched,1,Hatched,Hatched,46,Phase.4
Wild.egg.428,Wild.Clutch.129,ECC_17.2023.P3,2023,Wetland,Wales,Conwy County Borough,['Conwy'],-3.7465,53.1474,4,Hatched,Wild,Fertile,Hatched,1,Hatched,Hatched,46,Phase.4
Wild.egg.429,Wild.Clutch.129,ECC_17.2023.P3,2023,Wetland,Wales,Conwy County Borough,['Conwy'],-3.7465,53.1474,4,Hatched,Wild,Fertile,Hatched,1,Hatched,Hatched,46,Phase.4
Wild.egg.430,Wild.Clutch.130,ECC_17.2023.P5,2023,Wetland,Wales,Conwy County Borough,['Conwy'],-3.7465,53.1474,4,Hatched,Wild,Fertile,Hatched,1,Hatched,Hatched,46,Phase.4
Wild.egg.431,Wild.Clutch.130,ECC_17.2023.P5,2023,Wetland,Wales,Conwy County Borough,['Conwy'],-3.7465,53.1474,4,Hatched,Wild,Fertile,Hatched,1,Hatched,Hatched,46,Phase.4
Wild.egg.432,Wild.Clutch.130,ECC_17.2023.P5,2023,Wetland,Wales,Conwy County Borough,['Conwy'],-3.7465,53.1474,4,Hatched,Wild,Fertile,Hatched,1,Hatched,Hatched,46,Phase.4
Wild.egg.433,Wild.Clutch.130,ECC_17.2023.P5,2023,Wetland,Wales,Conwy County Borough,['Conwy'],-3.7465,53.1474,4,Hatched,Wild,Fertile,Hatched,1,Hatched,Hatched,46,Phase.4
Wild.egg.434,Wild.Clutch.131,ECC_17.2023.P6,2023,Wetland,Wales,Conwy County Borough,['Conwy'],-3.7465,53.1474,4,Hatched,Wild,Fertile,Hatched,1,Hatched,Hatched,46,Phase.4
Wild.egg.435,Wild.Clutch.131,ECC_17.2023.P6,2023,Wetland,Wales,Conwy County Borough,['Conwy'],-3.7465,53.1474,4,Hatched,Wild,Fertile,Hatched,1,Hatched,Hatched,46,Phase.4
Wild.egg.436,Wild.Clutch.131,ECC_17.2023.P6,2023,Wetland,Wales,Conwy County Borough,['Conwy'],-3.7465,53.1474,4,Hatched,Wild,Fertile,Hatched,1,Hatched,Hatched,46,Phase.4
Wild.egg.437,Wild.Clutch.131,ECC_17.2023.P6,2023,Wetland,Wales,Conwy County Borough,['Conwy'],-3.7465,53.1474,4,Hatched,Wild,Fertile,Hatched,1,Hatched,Hatched,46,Phase.4
Wild.egg.438,Wild.Clutch.132,ECC_17.2023.P7,2023,Grassland,Wales,Conwy County Borough,['Conwy'],-3.7465,53.1474,4,Hatched,Wild,Fertile,Hatched,1,Hatched,Hatched,46,Phase.4
Wild.egg.439,Wild.Clutch.132,ECC_17.2023.P7,2023,Grassland,Wales,Conwy County Borough,['Conwy'],-3.7465,53.1474,4,Hatched,Wild,Fertile,Hatched,1,Hatched,Hatched,46,Phase.4
Wild.egg.440,Wild.Clutch.132,ECC_17.2023.P7,2023,Grassland,Wales,Conwy County Borough,['Conwy'],-3.7465,53.1474,4,Hatched,Wild,Fertile,Hatched,1,Hatched,Hatched,46,Phase.4
Wild.egg.441,Wild.Clutch.132,ECC_17.2023.P7,2023,Grassland,Wales,Conwy County Borough,['Conwy'],-3.7465,53.1474,4,Hatched,Wild,Fertile,Hatched,1,Hatched,Hatched,46,Phase.4
Wild.egg.442,Wild.Clutch.133,ECC_17.2023.YI2,2023,Grassland,Wales,Conwy County Borough,['Conwy'],-3.7465,53.1474,4,Hatched,Wild,Fertile,Hatched,1,Hatched,Hatched,46,Phase.4
Wild.egg.443,Wild.Clutch.133,ECC_17.2023.YI2,2023,Grassland,Wales,Conwy County Borough,['Conwy'],-3.7465,53.1474,4,Hatched,Wild,Fertile,Hatched,1,Hatched,Hatched,46,Phase.4
Wild.egg.444,Wild.Clutch.133,ECC_17.2023.YI2,2023,Grassland,Wales,Conwy County Borough,['Conwy'],-3.7465,53.1474,4,Hatched,Wild,Fertile,Hatched,1,Hatched,Hatched,46,Phase.4
Wild.egg.445,Wild.Clutch.133,ECC_17.2023.YI2,2023,Grassland,Wales,Conwy County Borough,['Conwy'],-3.7465,53.1474,4,Hatched,Wild,Fertile,Hatched,1,Hatched,Hatched,46,Phase.4
Wild.egg.446,Wild.Clutch.134,ECC_17.2023.YI3,2023,Wetland,Wales,Conwy County Borough,['Conwy'],-3.7465,53.1474,2,Failed,Wild,Fertile,Unhatched,0,Failed,45,45,Phase.3
Wild.egg.447,Wild.Clutch.134,ECC_17.2023.YI3,2023,Wetland,Wales,Conwy County Borough,['Conwy'],-3.7465,53.1474,2,Failed,Wild,Fertile,Hatched,1,Hatched,Hatched,46,Phase.4
Wild.egg.448,Wild.Clutch.135,ECC_17.2023.YI4,2023,Grassland,Wales,Conwy County Borough,['Conwy'],-3.7465,53.1474,3,Hatched,Wild,Fertile,Hatched,1,Hatched,Hatched,46,Phase.4
Wild.egg.449,Wild.Clutch.135,ECC_17.2023.YI4,2023,Grassland,Wales,Conwy County Borough,['Conwy'],-3.7465,53.1474,3,Hatched,Wild,Fertile,Hatched,1,Hatched,Hatched,46,Phase.4
Wild.egg.450,Wild.Clutch.135,ECC_17.2023.YI4,2023,Grassland,Wales,Conwy County Borough,['Conwy'],-3.7465,53.1474,3,Hatched,Wild,Fertile,Hatched,1,Hatched,Hatched,46,Phase.4
Wild.egg.451,Wild.Clutch.136,ECC_17.2023.YI5,2023,Wetland,Wales,Conwy County Borough,['Conwy'],-3.7465,53.1474,4,Hatched,Wild,Fertile,Hatched,1,Hatched,Hatched,46,Phase.4
Wild.egg.452,Wild.Clutch.136,ECC_17.2023.YI5,2023,Wetland,Wales,Conwy County Borough,['Conwy'],-3.7465,53.1474,4,Hatched,Wild,Fertile,Hatched,1,Hatched,Hatched,46,Phase.4
Wild.egg.453,Wild.Clutch.136,ECC_17.2023.YI5,2023,Wetland,Wales,Conwy County Borough,['Conwy'],-3.7465,53.1474,4,Hatched,Wild,Fertile,Hatched,1,Hatched,Hatched,46,Phase.4
Wild.egg.454,Wild.Clutch.136,ECC_17.2023.YI5,2023,Wetland,Wales,Conwy County Borough,['Conwy'],-3.7465,53.1474,4,Hatched,Wild,Fertile,Hatched,1,Hatched,Hatched,46,Phase.4
Wild.egg.455,Wild.Clutch.137,ECC_19.2023.CM,2023,NA,England,Hampshire,['Hampshire'],-1.2474,51.0448,4,Failed,Wild,Fertile,Unhatched,0,Failed,45,45,Phase.3
Wild.egg.456,Wild.Clutch.137,ECC_19.2023.CM,2023,NA,England,Hampshire,['Hampshire'],-1.2474,51.0448,4,Failed,Wild,Fertile,Unhatched,0,Failed,45,45,Phase.3
Wild.egg.457,Wild.Clutch.137,ECC_19.2023.CM,2023,NA,England,Hampshire,['Hampshire'],-1.2474,51.0448,4,Failed,Wild,Fertile,Unhatched,0,Failed,NA,NA,NA
Wild.egg.458,Wild.Clutch.137,ECC_19.2023.CM,2023,NA,England,Hampshire,['Hampshire'],-1.2474,51.0448,4,Failed,Wild,Fertile,Hatched,1,Hatched,Hatched,46,Phase.4
Wild.egg.459,Wild.Clutch.138,ECC_19.2023.DHN,2023,Wetland,England,Hampshire,['Hampshire'],-1.2474,51.0448,4,Hatched,Wild,Fertile,Hatched,1,Hatched,Hatched,46,Phase.4
Wild.egg.460,Wild.Clutch.138,ECC_19.2023.DHN,2023,Wetland,England,Hampshire,['Hampshire'],-1.2474,51.0448,4,Hatched,Wild,Fertile,Hatched,1,Hatched,Hatched,46,Phase.4
Wild.egg.461,Wild.Clutch.138,ECC_19.2023.DHN,2023,Wetland,England,Hampshire,['Hampshire'],-1.2474,51.0448,4,Hatched,Wild,Fertile,Hatched,1,Hatched,Hatched,46,Phase.4
Wild.egg.462,Wild.Clutch.138,ECC_19.2023.DHN,2023,Wetland,England,Hampshire,['Hampshire'],-1.2474,51.0448,4,Hatched,Wild,Fertile,Hatched,1,Hatched,Hatched,46,Phase.4
Wild.egg.463,Wild.Clutch.139,ECC_19.2023.HH,2023,Wetland,England,Hampshire,['Hampshire'],-1.2474,51.0448,4,Failed,Wild,Unknown,Unhatched,0,Failed,Unknown,NA,NA
Wild.egg.464,Wild.Clutch.139,ECC_19.2023.HH,2023,Wetland,England,Hampshire,['Hampshire'],-1.2474,51.0448,4,Failed,Wild,Fertile,Hatched,1,Hatched,Hatched,46,Phase.4
Wild.egg.465,Wild.Clutch.139,ECC_19.2023.HH,2023,Wetland,England,Hampshire,['Hampshire'],-1.2474,51.0448,4,Failed,Wild,Fertile,Hatched,1,Hatched,Hatched,46,Phase.4
Wild.egg.466,Wild.Clutch.139,ECC_19.2023.HH,2023,Wetland,England,Hampshire,['Hampshire'],-1.2474,51.0448,4,Failed,Wild,Fertile,Hatched,1,Hatched,Hatched,46,Phase.4
Wild.egg.467,Wild.Clutch.140,ECC_19.2023.NH,2023,Wetland,England,Hampshire,['Hampshire'],-1.2474,51.0448,3,Hatched,Wild,Fertile,Hatched,1,Hatched,Hatched,46,Phase.4
Wild.egg.468,Wild.Clutch.140,ECC_19.2023.NH,2023,Wetland,England,Hampshire,['Hampshire'],-1.2474,51.0448,3,Hatched,Wild,Fertile,Hatched,1,Hatched,Hatched,46,Phase.4
Wild.egg.469,Wild.Clutch.140,ECC_19.2023.NH,2023,Wetland,England,Hampshire,['Hampshire'],-1.2474,51.0448,3,Hatched,Wild,Fertile,Hatched,1,Hatched,Hatched,46,Phase.4
Wild.egg.470,Wild.Clutch.141,ECC_19.2023.RH,2023,Wetland,England,Hampshire,['Hampshire'],-1.2474,51.0448,4,Hatched,Wild,Fertile,Hatched,1,Hatched,Hatched,46,Phase.4
Wild.egg.471,Wild.Clutch.141,ECC_19.2023.RH,2023,Wetland,England,Hampshire,['Hampshire'],-1.2474,51.0448,4,Hatched,Wild,Fertile,Hatched,1,Hatched,Hatched,46,Phase.4
Wild.egg.472,Wild.Clutch.141,ECC_19.2023.RH,2023,Wetland,England,Hampshire,['Hampshire'],-1.2474,51.0448,4,Hatched,Wild,Fertile,Hatched,1,Hatched,Hatched,46,Phase.4
Wild.egg.473,Wild.Clutch.141,ECC_19.2023.RH,2023,Wetland,England,Hampshire,['Hampshire'],-1.2474,51.0448,4,Hatched,Wild,Fertile,Hatched,1,Hatched,Hatched,46,Phase.4
Wild.egg.474,Wild.Clutch.142,ECC_19.2023.SH,2023,Wetland,England,Hampshire,['Hampshire'],-1.2474,51.0448,4,Hatched,Wild,Fertile,Hatched,1,Hatched,Hatched,46,Phase.4
Wild.egg.475,Wild.Clutch.142,ECC_19.2023.SH,2023,Wetland,England,Hampshire,['Hampshire'],-1.2474,51.0448,4,Hatched,Wild,Fertile,Hatched,1,Hatched,Hatched,46,Phase.4
Wild.egg.476,Wild.Clutch.142,ECC_19.2023.SH,2023,Wetland,England,Hampshire,['Hampshire'],-1.2474,51.0448,4,Hatched,Wild,Fertile,Hatched,1,Hatched,Hatched,46,Phase.4
Wild.egg.477,Wild.Clutch.142,ECC_19.2023.SH,2023,Wetland,England,Hampshire,['Hampshire'],-1.2474,51.0448,4,Hatched,Wild,Fertile,Hatched,1,Hatched,Hatched,46,Phase.4
Wild.egg.478,Wild.Clutch.143,ECC_20.2023.24,2023,Wetland,Scotland,Inverness ('Highland'),['Highland'],-4.661,57.5866,4,Hatched,Wild,Fertile,Hatched,1,Hatched,Hatched,46,Phase.4
Wild.egg.479,Wild.Clutch.143,ECC_20.2023.24,2023,Wetland,Scotland,Inverness ('Highland'),['Highland'],-4.661,57.5866,4,Hatched,Wild,Fertile,Hatched,1,Hatched,Hatched,46,Phase.4
Wild.egg.480,Wild.Clutch.143,ECC_20.2023.24,2023,Wetland,Scotland,Inverness ('Highland'),['Highland'],-4.661,57.5866,4,Hatched,Wild,Fertile,Hatched,1,Hatched,Hatched,46,Phase.4
Wild.egg.481,Wild.Clutch.143,ECC_20.2023.24,2023,Wetland,Scotland,Inverness ('Highland'),['Highland'],-4.661,57.5866,4,Hatched,Wild,Fertile,Hatched,1,Hatched,Hatched,46,Phase.4
Wild.egg.482,Wild.Clutch.144,ECC_20.2023.26,2023,Wetland,Scotland,Inverness ('Highland'),['Highland'],-4.661,57.5866,4,Hatched,Wild,Fertile,Hatched,1,Hatched,Hatched,46,Phase.4
Wild.egg.483,Wild.Clutch.144,ECC_20.2023.26,2023,Wetland,Scotland,Inverness ('Highland'),['Highland'],-4.661,57.5866,4,Hatched,Wild,Fertile,Hatched,1,Hatched,Hatched,46,Phase.4
Wild.egg.484,Wild.Clutch.144,ECC_20.2023.26,2023,Wetland,Scotland,Inverness ('Highland'),['Highland'],-4.661,57.5866,4,Hatched,Wild,Fertile,Hatched,1,Hatched,Hatched,46,Phase.4
Wild.egg.485,Wild.Clutch.144,ECC_20.2023.26,2023,Wetland,Scotland,Inverness ('Highland'),['Highland'],-4.661,57.5866,4,Hatched,Wild,Fertile,Hatched,1,Hatched,Hatched,46,Phase.4
Wild.abandoned.10,Wild.Clutch.145,ECC_20.2023.27,2023,Wetland,Scotland,Inverness ('Highland'),['Highland'],-4.661,57.5866,4,Abandoned,Wild,Fertile,Unhatched,0,Abandoned,45,45,Phase.3
Wild.abandoned.11,Wild.Clutch.145,ECC_20.2023.27,2023,Wetland,Scotland,Inverness ('Highland'),['Highland'],-4.661,57.5866,4,Abandoned,Wild,Unknown,Unhatched,0,Abandoned,Unknown,NA,NA
Wild.egg.486,Wild.Clutch.145,ECC_20.2023.27,2023,Wetland,Scotland,Inverness ('Highland'),['Highland'],-4.661,57.5866,4,Abandoned,Wild,Fertile,Hatched,1,Hatched,Hatched,46,Phase.4
Wild.egg.487,Wild.Clutch.145,ECC_20.2023.27,2023,Wetland,Scotland,Inverness ('Highland'),['Highland'],-4.661,57.5866,4,Abandoned,Wild,Fertile,Hatched,1,Hatched,Hatched,46,Phase.4
Wild.egg.488,Wild.Clutch.146,ECC_20.2023.28,2023,Wetland,Scotland,Inverness ('Highland'),['Highland'],-4.661,57.5866,4,Hatched,Wild,Fertile,Hatched,1,Hatched,Hatched,46,Phase.4
Wild.egg.489,Wild.Clutch.146,ECC_20.2023.28,2023,Wetland,Scotland,Inverness ('Highland'),['Highland'],-4.661,57.5866,4,Hatched,Wild,Fertile,Hatched,1,Hatched,Hatched,46,Phase.4
Wild.egg.490,Wild.Clutch.146,ECC_20.2023.28,2023,Wetland,Scotland,Inverness ('Highland'),['Highland'],-4.661,57.5866,4,Hatched,Wild,Fertile,Hatched,1,Hatched,Hatched,46,Phase.4
Wild.egg.491,Wild.Clutch.146,ECC_20.2023.28,2023,Wetland,Scotland,Inverness ('Highland'),['Highland'],-4.661,57.5866,4,Hatched,Wild,Fertile,Hatched,1,Hatched,Hatched,46,Phase.4
Wild.egg.492,Wild.Clutch.147,ECC_20.2023.29,2023,Wetland,Scotland,Inverness ('Highland'),['Highland'],-4.661,57.5866,4,Hatched,Wild,Fertile,Hatched,1,Hatched,Hatched,46,Phase.4
Wild.egg.493,Wild.Clutch.147,ECC_20.2023.29,2023,Wetland,Scotland,Inverness ('Highland'),['Highland'],-4.661,57.5866,4,Hatched,Wild,Fertile,Hatched,1,Hatched,Hatched,46,Phase.4
Wild.egg.494,Wild.Clutch.147,ECC_20.2023.29,2023,Wetland,Scotland,Inverness ('Highland'),['Highland'],-4.661,57.5866,4,Hatched,Wild,Fertile,Hatched,1,Hatched,Hatched,46,Phase.4
Wild.egg.495,Wild.Clutch.147,ECC_20.2023.29,2023,Wetland,Scotland,Inverness ('Highland'),['Highland'],-4.661,57.5866,4,Hatched,Wild,Fertile,Hatched,1,Hatched,Hatched,46,Phase.4
Wild.egg.496,Wild.Clutch.148,ECC_20.2023.31,2023,Wetland,Scotland,Inverness ('Highland'),['Highland'],-4.661,57.5866,4,Hatched,Wild,Fertile,Hatched,1,Hatched,Hatched,46,Phase.4
Wild.egg.497,Wild.Clutch.148,ECC_20.2023.31,2023,Wetland,Scotland,Inverness ('Highland'),['Highland'],-4.661,57.5866,4,Hatched,Wild,Fertile,Hatched,1,Hatched,Hatched,46,Phase.4
Wild.egg.498,Wild.Clutch.148,ECC_20.2023.31,2023,Wetland,Scotland,Inverness ('Highland'),['Highland'],-4.661,57.5866,4,Hatched,Wild,Fertile,Hatched,1,Hatched,Hatched,46,Phase.4
Wild.egg.499,Wild.Clutch.148,ECC_20.2023.31,2023,Wetland,Scotland,Inverness ('Highland'),['Highland'],-4.661,57.5866,4,Hatched,Wild,Fertile,Hatched,1,Hatched,Hatched,46,Phase.4
Wild.egg.500,Wild.Clutch.149,ECC_20.2023.33,2023,Wetland,Scotland,Inverness ('Highland'),['Highland'],-4.661,57.5866,4,Hatched,Wild,Fertile,Hatched,1,Hatched,Hatched,46,Phase.4
Wild.egg.501,Wild.Clutch.149,ECC_20.2023.33,2023,Wetland,Scotland,Inverness ('Highland'),['Highland'],-4.661,57.5866,4,Hatched,Wild,Fertile,Hatched,1,Hatched,Hatched,46,Phase.4
Wild.egg.502,Wild.Clutch.149,ECC_20.2023.33,2023,Wetland,Scotland,Inverness ('Highland'),['Highland'],-4.661,57.5866,4,Hatched,Wild,Fertile,Hatched,1,Hatched,Hatched,46,Phase.4
Wild.egg.503,Wild.Clutch.149,ECC_20.2023.33,2023,Wetland,Scotland,Inverness ('Highland'),['Highland'],-4.661,57.5866,4,Hatched,Wild,Fertile,Hatched,1,Hatched,Hatched,46,Phase.4
Wild.egg.504,Wild.Clutch.152,ECC_20.2023.37,2023,Wetland,Scotland,Inverness ('Highland'),['Highland'],-4.661,57.5866,4,Failed,Wild,Fertile,Unhatched,0,Failed,38,38,Phase.3
Wild.egg.505,Wild.Clutch.152,ECC_20.2023.37,2023,Wetland,Scotland,Inverness ('Highland'),['Highland'],-4.661,57.5866,4,Failed,Wild,Fertile,Unhatched,0,Failed,NA,NA,NA
Wild.egg.506,Wild.Clutch.152,ECC_20.2023.37,2023,Wetland,Scotland,Inverness ('Highland'),['Highland'],-4.661,57.5866,4,Failed,Wild,Fertile,Unhatched,0,Failed,NA,NA,NA
Wild.egg.507,Wild.Clutch.152,ECC_20.2023.37,2023,Wetland,Scotland,Inverness ('Highland'),['Highland'],-4.661,57.5866,4,Failed,Wild,Fertile,Unhatched,0,Failed,NA,NA,NA
Wild.egg.508,Wild.Clutch.153,ECC_20.2023.39,2023,Wetland,Scotland,Inverness ('Highland'),['Highland'],-4.661,57.5866,4,Hatched,Wild,Fertile,Hatched,1,Hatched,Hatched,46,Phase.4
Wild.egg.509,Wild.Clutch.153,ECC_20.2023.39,2023,Wetland,Scotland,Inverness ('Highland'),['Highland'],-4.661,57.5866,4,Hatched,Wild,Fertile,Hatched,1,Hatched,Hatched,46,Phase.4
Wild.egg.510,Wild.Clutch.153,ECC_20.2023.39,2023,Wetland,Scotland,Inverness ('Highland'),['Highland'],-4.661,57.5866,4,Hatched,Wild,Fertile,Hatched,1,Hatched,Hatched,46,Phase.4
Wild.egg.511,Wild.Clutch.153,ECC_20.2023.39,2023,Wetland,Scotland,Inverness ('Highland'),['Highland'],-4.661,57.5866,4,Hatched,Wild,Fertile,Hatched,1,Hatched,Hatched,46,Phase.4
Wild.egg.512,Wild.Clutch.154,ECC_20.2023.41,2023,Wetland,Scotland,Inverness ('Highland'),['Highland'],-4.661,57.5866,2,Hatched,Wild,Fertile,Hatched,1,Hatched,Hatched,46,Phase.4
Wild.egg.513,Wild.Clutch.154,ECC_20.2023.41,2023,Wetland,Scotland,Inverness ('Highland'),['Highland'],-4.661,57.5866,2,Hatched,Wild,Fertile,Hatched,1,Hatched,Hatched,46,Phase.4
Wild.egg.514,Wild.Clutch.155,ECC_20.2023.42,2023,Wetland,Scotland,Inverness ('Highland'),['Highland'],-4.661,57.5866,4,Hatched,Wild,Fertile,Hatched,1,Hatched,Hatched,46,Phase.4
Wild.egg.515,Wild.Clutch.155,ECC_20.2023.42,2023,Wetland,Scotland,Inverness ('Highland'),['Highland'],-4.661,57.5866,4,Hatched,Wild,Fertile,Hatched,1,Hatched,Hatched,46,Phase.4
Wild.egg.516,Wild.Clutch.155,ECC_20.2023.42,2023,Wetland,Scotland,Inverness ('Highland'),['Highland'],-4.661,57.5866,4,Hatched,Wild,Fertile,Hatched,1,Hatched,Hatched,46,Phase.4
Wild.egg.517,Wild.Clutch.155,ECC_20.2023.42,2023,Wetland,Scotland,Inverness ('Highland'),['Highland'],-4.661,57.5866,4,Hatched,Wild,Fertile,Hatched,1,Hatched,Hatched,46,Phase.4
Wild.egg.518,Wild.Clutch.157,ECC_20.2023.44,2023,Wetland,Scotland,Inverness ('Highland'),['Highland'],-4.661,57.5866,4,Hatched,Wild,Fertile,Hatched,1,Hatched,Hatched,46,Phase.4
Wild.egg.519,Wild.Clutch.157,ECC_20.2023.44,2023,Wetland,Scotland,Inverness ('Highland'),['Highland'],-4.661,57.5866,4,Hatched,Wild,Fertile,Hatched,1,Hatched,Hatched,46,Phase.4
Wild.egg.520,Wild.Clutch.157,ECC_20.2023.44,2023,Wetland,Scotland,Inverness ('Highland'),['Highland'],-4.661,57.5866,4,Hatched,Wild,Fertile,Hatched,1,Hatched,Hatched,46,Phase.4
Wild.egg.521,Wild.Clutch.157,ECC_20.2023.44,2023,Wetland,Scotland,Inverness ('Highland'),['Highland'],-4.661,57.5866,4,Hatched,Wild,Fertile,Hatched,1,Hatched,Hatched,46,Phase.4
Wild.egg.522,Wild.Clutch.158,ECC_20.2023.45,2023,Wetland,Scotland,Inverness ('Highland'),['Highland'],-4.661,57.5866,4,Hatched,Wild,Fertile,Hatched,1,Hatched,Hatched,46,Phase.4
Wild.egg.523,Wild.Clutch.158,ECC_20.2023.45,2023,Wetland,Scotland,Inverness ('Highland'),['Highland'],-4.661,57.5866,4,Hatched,Wild,Fertile,Hatched,1,Hatched,Hatched,46,Phase.4
Wild.egg.524,Wild.Clutch.158,ECC_20.2023.45,2023,Wetland,Scotland,Inverness ('Highland'),['Highland'],-4.661,57.5866,4,Hatched,Wild,Fertile,Hatched,1,Hatched,Hatched,46,Phase.4
Wild.egg.525,Wild.Clutch.158,ECC_20.2023.45,2023,Wetland,Scotland,Inverness ('Highland'),['Highland'],-4.661,57.5866,4,Hatched,Wild,Fertile,Hatched,1,Hatched,Hatched,46,Phase.4
Wild.egg.526,Wild.Clutch.159,ECC_20.2023.46,2023,Wetland,Scotland,Inverness ('Highland'),['Highland'],-4.661,57.5866,3,Hatched,Wild,Fertile,Hatched,1,Hatched,Hatched,46,Phase.4
Wild.egg.527,Wild.Clutch.159,ECC_20.2023.46,2023,Wetland,Scotland,Inverness ('Highland'),['Highland'],-4.661,57.5866,3,Hatched,Wild,Fertile,Hatched,1,Hatched,Hatched,46,Phase.4
Wild.egg.528,Wild.Clutch.159,ECC_20.2023.46,2023,Wetland,Scotland,Inverness ('Highland'),['Highland'],-4.661,57.5866,3,Hatched,Wild,Fertile,Hatched,1,Hatched,Hatched,46,Phase.4
Wild.egg.529,Wild.Clutch.160,ECC_20.2023.48,2023,Wetland,Scotland,Inverness ('Highland'),['Highland'],-4.661,57.5866,4,Hatched,Wild,Fertile,Hatched,1,Hatched,Hatched,46,Phase.4
Wild.egg.530,Wild.Clutch.160,ECC_20.2023.48,2023,Wetland,Scotland,Inverness ('Highland'),['Highland'],-4.661,57.5866,4,Hatched,Wild,Fertile,Hatched,1,Hatched,Hatched,46,Phase.4
Wild.egg.531,Wild.Clutch.160,ECC_20.2023.48,2023,Wetland,Scotland,Inverness ('Highland'),['Highland'],-4.661,57.5866,4,Hatched,Wild,Fertile,Hatched,1,Hatched,Hatched,46,Phase.4
Wild.egg.532,Wild.Clutch.160,ECC_20.2023.48,2023,Wetland,Scotland,Inverness ('Highland'),['Highland'],-4.661,57.5866,4,Hatched,Wild,Fertile,Hatched,1,Hatched,Hatched,46,Phase.4
Wild.egg.533,Wild.Clutch.162,ECC_20.2023.51,2023,Wetland,Scotland,Inverness ('Highland'),['Highland'],-4.661,57.5866,4,Hatched,Wild,Fertile,Hatched,1,Hatched,Hatched,46,Phase.4
Wild.egg.534,Wild.Clutch.162,ECC_20.2023.51,2023,Wetland,Scotland,Inverness ('Highland'),['Highland'],-4.661,57.5866,4,Hatched,Wild,Fertile,Hatched,1,Hatched,Hatched,46,Phase.4
Wild.egg.535,Wild.Clutch.162,ECC_20.2023.51,2023,Wetland,Scotland,Inverness ('Highland'),['Highland'],-4.661,57.5866,4,Hatched,Wild,Fertile,Hatched,1,Hatched,Hatched,46,Phase.4
Wild.egg.536,Wild.Clutch.162,ECC_20.2023.51,2023,Wetland,Scotland,Inverness ('Highland'),['Highland'],-4.661,57.5866,4,Hatched,Wild,Fertile,Hatched,1,Hatched,Hatched,46,Phase.4
Wild.egg.537,Wild.Clutch.163,ECC_22.2023.BR1,2023,Grassland,England,North Yorkshire,['North Yorkshire'],-1.5503,54.0937,4,Damaged,Wild,Fertile,Hatched,1,Hatched,Hatched,46,Phase.4
Wild.egg.538,Wild.Clutch.163,ECC_22.2023.BR1,2023,Grassland,England,North Yorkshire,['North Yorkshire'],-1.5503,54.0937,4,Damaged,Wild,Fertile,Hatched,1,Hatched,Hatched,46,Phase.4
Wild.egg.539,Wild.Clutch.163,ECC_22.2023.BR1,2023,Grassland,England,North Yorkshire,['North Yorkshire'],-1.5503,54.0937,4,Damaged,Wild,Fertile,Hatched,1,Hatched,Hatched,46,Phase.4
Wild.egg.540,Wild.Clutch.164,ECC_22.2023.Clarke.Middle,2023,Grassland,England,North Yorkshire,['North Yorkshire'],-1.5503,54.0937,4,Failed,Wild,Fertile,Unhatched,0,Failed,40,40,Phase.3
Wild.egg.541,Wild.Clutch.164,ECC_22.2023.Clarke.Middle,2023,Grassland,England,North Yorkshire,['North Yorkshire'],-1.5503,54.0937,4,Failed,Wild,Fertile,Hatched,1,Hatched,Hatched,46,Phase.4
Wild.egg.542,Wild.Clutch.164,ECC_22.2023.Clarke.Middle,2023,Grassland,England,North Yorkshire,['North Yorkshire'],-1.5503,54.0937,4,Failed,Wild,Fertile,Hatched,1,Hatched,Hatched,46,Phase.4
Wild.egg.543,Wild.Clutch.164,ECC_22.2023.Clarke.Middle,2023,Grassland,England,North Yorkshire,['North Yorkshire'],-1.5503,54.0937,4,Failed,Wild,Fertile,Hatched,1,Hatched,Hatched,46,Phase.4
Wild.egg.544,Wild.Clutch.165,ECC_22.2023.Middle.Church,2023,Grassland,England,North Yorkshire,['North Yorkshire'],-1.5503,54.0937,4,Failed,Wild,Fertile,Unhatched,0,Failed,Early,NA,Phase.1
Wild.egg.545,Wild.Clutch.165,ECC_22.2023.Middle.Church,2023,Grassland,England,North Yorkshire,['North Yorkshire'],-1.5503,54.0937,4,Failed,Wild,Fertile,Hatched,1,Hatched,Hatched,46,Phase.4
Wild.egg.546,Wild.Clutch.165,ECC_22.2023.Middle.Church,2023,Grassland,England,North Yorkshire,['North Yorkshire'],-1.5503,54.0937,4,Failed,Wild,Fertile,Hatched,1,Hatched,Hatched,46,Phase.4
Wild.egg.547,Wild.Clutch.165,ECC_22.2023.Middle.Church,2023,Grassland,England,North Yorkshire,['North Yorkshire'],-1.5503,54.0937,4,Failed,Wild,Fertile,Hatched,1,Hatched,Hatched,46,Phase.4
Wild.egg.548,Wild.Clutch.168,ECC_24.2023.14,2023,Grassland,England,North Yorkshire,['North Yorkshire'],-1.5503,54.0937,4,Hatched,Wild,Fertile,Hatched,1,Hatched,Hatched,46,Phase.4
Wild.egg.549,Wild.Clutch.168,ECC_24.2023.14,2023,Grassland,England,North Yorkshire,['North Yorkshire'],-1.5503,54.0937,4,Hatched,Wild,Fertile,Hatched,1,Hatched,Hatched,46,Phase.4
Wild.egg.550,Wild.Clutch.168,ECC_24.2023.14,2023,Grassland,England,North Yorkshire,['North Yorkshire'],-1.5503,54.0937,4,Hatched,Wild,Fertile,Hatched,1,Hatched,Hatched,46,Phase.4
Wild.egg.551,Wild.Clutch.168,ECC_24.2023.14,2023,Grassland,England,North Yorkshire,['North Yorkshire'],-1.5503,54.0937,4,Hatched,Wild,Fertile,Hatched,1,Hatched,Hatched,46,Phase.4
Wild.egg.552,Wild.Clutch.169,ECC_24.2023.16,2023,Grassland,England,North Yorkshire,['North Yorkshire'],-1.5503,54.0937,4,Failed,Wild,Unknown,Unhatched,0,Failed,Unknown,NA,NA
Wild.egg.553,Wild.Clutch.169,ECC_24.2023.16,2023,Grassland,England,North Yorkshire,['North Yorkshire'],-1.5503,54.0937,4,Failed,Wild,Fertile,Hatched,1,Hatched,Hatched,46,Phase.4
Wild.egg.554,Wild.Clutch.169,ECC_24.2023.16,2023,Grassland,England,North Yorkshire,['North Yorkshire'],-1.5503,54.0937,4,Failed,Wild,Fertile,Hatched,1,Hatched,Hatched,46,Phase.4
Wild.egg.555,Wild.Clutch.169,ECC_24.2023.16,2023,Grassland,England,North Yorkshire,['North Yorkshire'],-1.5503,54.0937,4,Failed,Wild,Fertile,Hatched,1,Hatched,Hatched,46,Phase.4
Wild.egg.556,Wild.Clutch.171,ECC_24.2023.32,2023,Grassland,England,North Yorkshire,['North Yorkshire'],-1.5503,54.0937,4,Hatched,Wild,Fertile,Hatched,1,Hatched,Hatched,46,Phase.4
Wild.egg.557,Wild.Clutch.171,ECC_24.2023.32,2023,Grassland,England,North Yorkshire,['North Yorkshire'],-1.5503,54.0937,4,Hatched,Wild,Fertile,Hatched,1,Hatched,Hatched,46,Phase.4
Wild.egg.558,Wild.Clutch.171,ECC_24.2023.32,2023,Grassland,England,North Yorkshire,['North Yorkshire'],-1.5503,54.0937,4,Hatched,Wild,Fertile,Hatched,1,Hatched,Hatched,46,Phase.4
Wild.egg.559,Wild.Clutch.171,ECC_24.2023.32,2023,Grassland,England,North Yorkshire,['North Yorkshire'],-1.5503,54.0937,4,Hatched,Wild,Fertile,Hatched,1,Hatched,Hatched,46,Phase.4
Wild.egg.560,Wild.Clutch.173,ECC_24.2023.38,2023,Grassland,England,North Yorkshire,['North Yorkshire'],-1.5503,54.0937,4,Hatched,Wild,Fertile,Hatched,1,Hatched,Hatched,46,Phase.4
Wild.egg.561,Wild.Clutch.173,ECC_24.2023.38,2023,Grassland,England,North Yorkshire,['North Yorkshire'],-1.5503,54.0937,4,Hatched,Wild,Fertile,Hatched,1,Hatched,Hatched,46,Phase.4
Wild.egg.562,Wild.Clutch.173,ECC_24.2023.38,2023,Grassland,England,North Yorkshire,['North Yorkshire'],-1.5503,54.0937,4,Hatched,Wild,Fertile,Hatched,1,Hatched,Hatched,46,Phase.4
Wild.egg.563,Wild.Clutch.173,ECC_24.2023.38,2023,Grassland,England,North Yorkshire,['North Yorkshire'],-1.5503,54.0937,4,Hatched,Wild,Fertile,Hatched,1,Hatched,Hatched,46,Phase.4
Wild.egg.564,Wild.Clutch.175,ECC_24.2023.45,2023,Grassland,England,North Yorkshire,['North Yorkshire'],-1.5503,54.0937,3,Unknown,Wild,Fertile,Hatched,1,Hatched,Hatched,46,Phase.4
Wild.egg.565,Wild.Clutch.175,ECC_24.2023.45,2023,Grassland,England,North Yorkshire,['North Yorkshire'],-1.5503,54.0937,3,Unknown,Wild,Fertile,Hatched,1,Hatched,Hatched,46,Phase.4
Wild.egg.566,Wild.Clutch.176,ECC_24.2023.8,2023,Grassland,England,North Yorkshire,['North Yorkshire'],-1.5503,54.0937,4,Damaged,Wild,Fertile,Hatched,1,Hatched,Hatched,46,Phase.4
Wild.egg.567,Wild.Clutch.176,ECC_24.2023.8,2023,Grassland,England,North Yorkshire,['North Yorkshire'],-1.5503,54.0937,4,Damaged,Wild,Fertile,Hatched,1,Hatched,Hatched,46,Phase.4
Wild.egg.568,Wild.Clutch.176,ECC_24.2023.8,2023,Grassland,England,North Yorkshire,['North Yorkshire'],-1.5503,54.0937,4,Damaged,Wild,Fertile,Hatched,1,Hatched,Hatched,46,Phase.4
Wild.egg.569,Wild.Clutch.179,ECC_5.2023.1,2023,Grassland,England,Worcestershire,['Worcestershire'],-2.2094,52.2129,3,Hatched,Wild,Fertile,Hatched,1,Hatched,Hatched,46,Phase.4
Wild.egg.570,Wild.Clutch.179,ECC_5.2023.1,2023,Grassland,England,Worcestershire,['Worcestershire'],-2.2094,52.2129,3,Hatched,Wild,Fertile,Hatched,1,Hatched,Hatched,46,Phase.4
Wild.egg.571,Wild.Clutch.179,ECC_5.2023.1,2023,Grassland,England,Worcestershire,['Worcestershire'],-2.2094,52.2129,3,Hatched,Wild,Fertile,Hatched,1,Hatched,Hatched,46,Phase.4
Wild.egg.572,Wild.Clutch.180,ECC_5.2023.11,2023,Grassland,England,Gloucestershire,['Gloucestershire'],-2.1524,51.8197,4,Predated,Wild,Fertile,Hatched,1,Hatched,Hatched,46,Phase.4
Wild.egg.573,Wild.Clutch.180,ECC_5.2023.11,2023,Grassland,England,Gloucestershire,['Gloucestershire'],-2.1524,51.8197,4,Predated,Wild,Fertile,Hatched,1,Hatched,Hatched,46,Phase.4
Wild.egg.574,Wild.Clutch.180,ECC_5.2023.11,2023,Grassland,England,Gloucestershire,['Gloucestershire'],-2.1524,51.8197,4,Predated,Wild,Fertile,Hatched,1,Hatched,Hatched,46,Phase.4
Wild.abandoned.12,Wild.Clutch.182,ECC_5.2023.15,2023,Grassland,England,Gloucestershire,['Gloucestershire'],-2.1524,51.8197,3,Abandoned,Wild,Unknown,Unhatched,0,Abandoned,Unknown,NA,NA
Wild.abandoned.13,Wild.Clutch.182,ECC_5.2023.15,2023,Grassland,England,Gloucestershire,['Gloucestershire'],-2.1524,51.8197,3,Abandoned,Wild,Unknown,Unhatched,0,Abandoned,Unknown,NA,NA
Wild.abandoned.14,Wild.Clutch.182,ECC_5.2023.15,2023,Grassland,England,Gloucestershire,['Gloucestershire'],-2.1524,51.8197,3,Abandoned,Wild,Unknown,Unhatched,0,Abandoned,Unknown,NA,NA
Wild.egg.575,Wild.Clutch.183,ECC_5.2023.16,2023,Grassland,England,Gloucestershire,['Gloucestershire'],-2.1524,51.8197,4,Failed,Wild,Fertile,Unhatched,0,Failed,~35,35,Phase.3
Wild.egg.576,Wild.Clutch.183,ECC_5.2023.16,2023,Grassland,England,Gloucestershire,['Gloucestershire'],-2.1524,51.8197,4,Failed,Wild,Fertile,Unhatched,0,Failed,45,45,Phase.3
Wild.egg.577,Wild.Clutch.183,ECC_5.2023.16,2023,Grassland,England,Gloucestershire,['Gloucestershire'],-2.1524,51.8197,4,Failed,Wild,Fertile,Unhatched,0,Failed,45,45,Phase.3
Wild.egg.578,Wild.Clutch.183,ECC_5.2023.16,2023,Grassland,England,Gloucestershire,['Gloucestershire'],-2.1524,51.8197,4,Failed,Wild,Fertile,Unhatched,0,Failed,~41,41,Phase.3
Wild.egg.579,Wild.Clutch.184,ECC_5.2023.2,2023,Grassland,England,Gloucestershire,['Gloucestershire'],-2.1524,51.8197,4,Failed,Wild,Fertile,Unhatched,0,Failed,35,35,Phase.3
Wild.egg.580,Wild.Clutch.184,ECC_5.2023.2,2023,Grassland,England,Gloucestershire,['Gloucestershire'],-2.1524,51.8197,4,Failed,Wild,Fertile,Unhatched,0,Failed,39,39,Phase.3
Wild.egg.581,Wild.Clutch.184,ECC_5.2023.2,2023,Grassland,England,Gloucestershire,['Gloucestershire'],-2.1524,51.8197,4,Failed,Wild,Fertile,Unhatched,0,Failed,~35-39,37,Phase.3
Wild.egg.582,Wild.Clutch.184,ECC_5.2023.2,2023,Grassland,England,Gloucestershire,['Gloucestershire'],-2.1524,51.8197,4,Failed,Wild,Fertile,Unhatched,0,Failed,~35,35,Phase.3
Wild.abandoned.15,Wild.Clutch.185,ECC_5.2023.20,2023,Grassland,England,Worcestershire,['Worcestershire'],-2.2094,52.2129,3,Abandoned,Wild,Fertile,Unhatched,0,Abandoned,<10 (max),5.5,Phase.1
Wild.abandoned.16,Wild.Clutch.185,ECC_5.2023.20,2023,Grassland,England,Worcestershire,['Worcestershire'],-2.2094,52.2129,3,Abandoned,Wild,Fertile,Unhatched,0,Abandoned,<10,5.5,Phase.1
Wild.abandoned.17,Wild.Clutch.185,ECC_5.2023.20,2023,Grassland,England,Worcestershire,['Worcestershire'],-2.2094,52.2129,3,Abandoned,Wild,Fertile,Unhatched,0,Abandoned,~5,5,Phase.1
Wild.egg.583,Wild.Clutch.186,ECC_5.2023.23,2023,Grassland,England,Worcestershire,['Worcestershire'],-2.2094,52.2129,4,Failed,Wild,Fertile,Unhatched,0,Failed,Must be late but cannot stage accurately as very degraded.,NA,Phase.3
Wild.egg.584,Wild.Clutch.186,ECC_5.2023.23,2023,Grassland,England,Worcestershire,['Worcestershire'],-2.2094,52.2129,4,Failed,Wild,Fertile,Hatched,1,Hatched,Hatched,46,Phase.4
Wild.egg.585,Wild.Clutch.186,ECC_5.2023.23,2023,Grassland,England,Worcestershire,['Worcestershire'],-2.2094,52.2129,4,Failed,Wild,Fertile,Hatched,1,Hatched,Hatched,46,Phase.4
Wild.egg.586,Wild.Clutch.186,ECC_5.2023.23,2023,Grassland,England,Worcestershire,['Worcestershire'],-2.2094,52.2129,4,Failed,Wild,Fertile,Hatched,1,Hatched,Hatched,46,Phase.4
Wild.egg.587,Wild.Clutch.187,ECC_5.2023.3,2023,Grassland,England,Worcestershire,['Worcestershire'],-2.2094,52.2129,4,Failed,Wild,Fertile,Unhatched,0,Failed,~20,20,Phase.1
Wild.egg.588,Wild.Clutch.187,ECC_5.2023.3,2023,Grassland,England,Worcestershire,['Worcestershire'],-2.2094,52.2129,4,Failed,Wild,Fertile,Unhatched,0,Failed,41,41,Phase.3
Wild.egg.589,Wild.Clutch.187,ECC_5.2023.3,2023,Grassland,England,Worcestershire,['Worcestershire'],-2.2094,52.2129,4,Failed,Wild,Fertile,Unhatched,0,Failed,Likely early (similar to BH5 egg),NA,Phase.1
Wild.egg.590,Wild.Clutch.187,ECC_5.2023.3,2023,Grassland,England,Worcestershire,['Worcestershire'],-2.2094,52.2129,4,Failed,Wild,Fertile,Hatched,1,Hatched,Hatched,46,Phase.4
Wild.egg.591,Wild.Clutch.188,ECC_5.2023.4,2023,Grassland,England,Worcestershire,['Worcestershire'],-2.2094,52.2129,4,Hatched,Wild,Fertile,Hatched,1,Hatched,Hatched,46,Phase.4
Wild.egg.592,Wild.Clutch.188,ECC_5.2023.4,2023,Grassland,England,Worcestershire,['Worcestershire'],-2.2094,52.2129,4,Hatched,Wild,Fertile,Hatched,1,Hatched,Hatched,46,Phase.4
Wild.egg.593,Wild.Clutch.188,ECC_5.2023.4,2023,Grassland,England,Worcestershire,['Worcestershire'],-2.2094,52.2129,4,Hatched,Wild,Fertile,Hatched,1,Hatched,Hatched,46,Phase.4
Wild.egg.594,Wild.Clutch.188,ECC_5.2023.4,2023,Grassland,England,Worcestershire,['Worcestershire'],-2.2094,52.2129,4,Hatched,Wild,Fertile,Hatched,1,Hatched,Hatched,46,Phase.4
Wild.egg.595,Wild.Clutch.189,ECC_5.2023.5,2023,Grassland,England,Worcestershire,['Worcestershire'],-2.2094,52.2129,4,Hatched,Wild,Fertile,Hatched,1,Hatched,Hatched,46,Phase.4
Wild.egg.596,Wild.Clutch.189,ECC_5.2023.5,2023,Grassland,England,Worcestershire,['Worcestershire'],-2.2094,52.2129,4,Hatched,Wild,Fertile,Hatched,1,Hatched,Hatched,46,Phase.4
Wild.egg.597,Wild.Clutch.189,ECC_5.2023.5,2023,Grassland,England,Worcestershire,['Worcestershire'],-2.2094,52.2129,4,Hatched,Wild,Fertile,Hatched,1,Hatched,Hatched,46,Phase.4
Wild.egg.598,Wild.Clutch.189,ECC_5.2023.5,2023,Grassland,England,Worcestershire,['Worcestershire'],-2.2094,52.2129,4,Hatched,Wild,Fertile,Hatched,1,Hatched,Hatched,46,Phase.4
Wild.abandoned.18,Wild.Clutch.190,ECC_5.2023.6,2023,Grassland,England,Worcestershire,['Worcestershire'],-2.2094,52.2129,4,Abandoned,Wild,Unclear,Unhatched,0,Abandoned,Not 100% sure but if fertile likely early (as no obvious embryo and blood vessel development),NA,NA
Wild.abandoned.19,Wild.Clutch.190,ECC_5.2023.6,2023,Grassland,England,Worcestershire,['Worcestershire'],-2.2094,52.2129,4,Abandoned,Wild,Fertile,Unhatched,0,Abandoned,"Unclear, possibly reach late stage 30s (maybe 40?) - difficult to stage.",NA,NA
Wild.abandoned.20,Wild.Clutch.190,ECC_5.2023.6,2023,Grassland,England,Worcestershire,['Worcestershire'],-2.2094,52.2129,4,Abandoned,Wild,Fertile,Unhatched,0,Abandoned,Not clear but definitely at least mid-stage (~35?),NA,Phase.3
Wild.abandoned.21,Wild.Clutch.190,ECC_5.2023.6,2023,Grassland,England,Worcestershire,['Worcestershire'],-2.2094,52.2129,4,Abandoned,Wild,Fertile,Unhatched,0,Abandoned,Not clear but probably mid-stage (~35?),NA,Phase.3
Wild.abandoned.22,Wild.Clutch.191,ECC_5.2023.7,2023,Grassland,England,Worcestershire,['Worcestershire'],-2.2094,52.2129,4,Abandoned,Wild,Fertile,Unhatched,0,Abandoned,Early stage (<HH10),5.5,Phase.1
Wild.abandoned.23,Wild.Clutch.191,ECC_5.2023.7,2023,Grassland,England,Worcestershire,['Worcestershire'],-2.2094,52.2129,4,Abandoned,Wild,Fertile,Unhatched,0,Abandoned,Early stage ~3-4,3.5,Phase.1
Wild.abandoned.24,Wild.Clutch.191,ECC_5.2023.7,2023,Grassland,England,Worcestershire,['Worcestershire'],-2.2094,52.2129,4,Abandoned,Wild,Fertile,Unhatched,0,Abandoned,Early stage (<5),3,Phase.1
Wild.abandoned.25,Wild.Clutch.191,ECC_5.2023.7,2023,Grassland,England,Worcestershire,['Worcestershire'],-2.2094,52.2129,4,Abandoned,Wild,Fertile,Unhatched,0,Abandoned,Early stage (<HH10),5.5,Phase.1
Wild.egg.599,Wild.Clutch.192,ECC_5.2023.9,2023,Grassland,England,Gloucestershire,['Gloucestershire'],-2.1524,51.8197,4,Failed,Wild,Fertile,Unhatched,0,Failed,~15 (very rough staging),15,Phase.1
Wild.egg.600,Wild.Clutch.192,ECC_5.2023.9,2023,Grassland,England,Gloucestershire,['Gloucestershire'],-2.1524,51.8197,4,Failed,Wild,Fertile,Hatched,1,Hatched,Hatched,46,Phase.4
Wild.egg.601,Wild.Clutch.192,ECC_5.2023.9,2023,Grassland,England,Gloucestershire,['Gloucestershire'],-2.1524,51.8197,4,Failed,Wild,Fertile,Hatched,1,Hatched,Hatched,46,Phase.4
Wild.egg.602,Wild.Clutch.192,ECC_5.2023.9,2023,Grassland,England,Gloucestershire,['Gloucestershire'],-2.1524,51.8197,4,Failed,Wild,Fertile,Hatched,1,Hatched,Hatched,46,Phase.4
Wild.egg.603,Wild.Clutch.193,ECC_6.2023.Capplerigg,2023,NA,England,Cumbria,['Cumbria'],-2.9021,54.6364,3,Hatched,Wild,Fertile,Hatched,1,Hatched,Hatched,46,Phase.4
Wild.egg.604,Wild.Clutch.193,ECC_6.2023.Capplerigg,2023,NA,England,Cumbria,['Cumbria'],-2.9021,54.6364,3,Hatched,Wild,Fertile,Hatched,1,Hatched,Hatched,46,Phase.4
Wild.egg.605,Wild.Clutch.193,ECC_6.2023.Capplerigg,2023,NA,England,Cumbria,['Cumbria'],-2.9021,54.6364,3,Hatched,Wild,Fertile,Hatched,1,Hatched,Hatched,46,Phase.4
Wild.egg.606,Wild.Clutch.194,ECC_6.2023.Carters,2023,NA,England,Cumbria,['Cumbria'],-2.9021,54.6364,4,Hatched,Wild,Fertile,Hatched,1,Hatched,Hatched,46,Phase.4
Wild.egg.607,Wild.Clutch.194,ECC_6.2023.Carters,2023,NA,England,Cumbria,['Cumbria'],-2.9021,54.6364,4,Hatched,Wild,Fertile,Hatched,1,Hatched,Hatched,46,Phase.4
Wild.egg.608,Wild.Clutch.194,ECC_6.2023.Carters,2023,NA,England,Cumbria,['Cumbria'],-2.9021,54.6364,4,Hatched,Wild,Fertile,Hatched,1,Hatched,Hatched,46,Phase.4
Wild.egg.609,Wild.Clutch.194,ECC_6.2023.Carters,2023,NA,England,Cumbria,['Cumbria'],-2.9021,54.6364,4,Hatched,Wild,Fertile,Hatched,1,Hatched,Hatched,46,Phase.4
Wild.egg.610,Wild.Clutch.195,ECC_6.2023.Metcalfe.North,2023,NA,England,Cumbria,['Cumbria'],-2.9021,54.6364,4,Failed,Wild,Fertile,Hatched,1,Hatched,Hatched,46,Phase.4
Wild.egg.611,Wild.Clutch.195,ECC_6.2023.Metcalfe.North,2023,NA,England,Cumbria,['Cumbria'],-2.9021,54.6364,4,Failed,Wild,Fertile,Hatched,1,Hatched,Hatched,46,Phase.4
Wild.egg.612,Wild.Clutch.195,ECC_6.2023.Metcalfe.North,2023,NA,England,Cumbria,['Cumbria'],-2.9021,54.6364,4,Failed,Wild,Fertile,Unhatched,0,Failed,NA,NA,NA
Wild.egg.613,Wild.Clutch.195,ECC_6.2023.Metcalfe.North,2023,NA,England,Cumbria,['Cumbria'],-2.9021,54.6364,4,Failed,Wild,Fertile,Unhatched,0,Failed,NA,NA,NA
Wild.egg.614,Wild.Clutch.196,ECC_6.2023.Metcalfes.South,2023,NA,England,Cumbria,['Cumbria'],-2.9021,54.6364,4,Failed,Wild,Fertile,Unhatched,0,Failed,37,37,Phase.3
Wild.egg.615,Wild.Clutch.196,ECC_6.2023.Metcalfes.South,2023,NA,England,Cumbria,['Cumbria'],-2.9021,54.6364,4,Failed,Wild,Fertile,Unhatched,0,Failed,NA,NA,NA
Wild.egg.616,Wild.Clutch.196,ECC_6.2023.Metcalfes.South,2023,NA,England,Cumbria,['Cumbria'],-2.9021,54.6364,4,Failed,Wild,Fertile,Hatched,1,Hatched,Hatched,46,Phase.4
Wild.egg.617,Wild.Clutch.196,ECC_6.2023.Metcalfes.South,2023,NA,England,Cumbria,['Cumbria'],-2.9021,54.6364,4,Failed,Wild,Fertile,Hatched,1,Hatched,Hatched,46,Phase.4
Wild.egg.618,Wild.Clutch.197,ECC_6.2023.NT,2023,NA,England,Cumbria,['Cumbria'],-2.9021,54.6364,2,Failed,Wild,Fertile,Unhatched,0,Failed,44,44,Phase.3
Wild.egg.619,Wild.Clutch.197,ECC_6.2023.NT,2023,NA,England,Cumbria,['Cumbria'],-2.9021,54.6364,2,Failed,Wild,Fertile,Hatched,1,Hatched,Hatched,46,Phase.4
Wild.egg.620,Wild.Clutch.198,ECC_6.2023.Parsons.South,2023,NA,England,Cumbria,['Cumbria'],-2.9021,54.6364,3,Unknown,Wild,Fertile,Hatched,1,Hatched,Hatched,46,Phase.4
Wild.egg.621,Wild.Clutch.198,ECC_6.2023.Parsons.South,2023,NA,England,Cumbria,['Cumbria'],-2.9021,54.6364,3,Unknown,Wild,Fertile,Hatched,1,Hatched,Hatched,46,Phase.4
Wild.egg.622,Wild.Clutch.199,ECC_6.2023.Patricks,2023,NA,England,Cumbria,['Cumbria'],-2.9021,54.6364,4,Mixed,Wild,Fertile,Unhatched,0,Failed,~36-37,36.5,Phase.3
Wild.egg.623,Wild.Clutch.199,ECC_6.2023.Patricks,2023,NA,England,Cumbria,['Cumbria'],-2.9021,54.6364,4,Mixed,Wild,Fertile,Unhatched,0,Failed,~38,38,Phase.3
Wild.egg.624,Wild.Clutch.199,ECC_6.2023.Patricks,2023,NA,England,Cumbria,['Cumbria'],-2.9021,54.6364,4,Mixed,Wild,Fertile,Hatched,1,Hatched,Hatched,46,Phase.4
Wild.egg.625,Wild.Clutch.200,ECC_6.2023.Swinney,2023,NA,England,Cumbria,['Cumbria'],-2.9021,54.6364,3,Hatched,Wild,Fertile,Hatched,1,Hatched,Hatched,46,Phase.4
Wild.egg.626,Wild.Clutch.200,ECC_6.2023.Swinney,2023,NA,England,Cumbria,['Cumbria'],-2.9021,54.6364,3,Hatched,Wild,Fertile,Hatched,1,Hatched,Hatched,46,Phase.4
Wild.egg.627,Wild.Clutch.200,ECC_6.2023.Swinney,2023,NA,England,Cumbria,['Cumbria'],-2.9021,54.6364,3,Hatched,Wild,Fertile,Hatched,1,Hatched,Hatched,46,Phase.4
Wild.egg.628,Wild.Clutch.201,ECC_6.2023.Taylors,2023,NA,England,Cumbria,['Cumbria'],-2.9021,54.6364,3,Failed,Wild,Fertile,Unhatched,0,Failed,30,30,Phase.2
Wild.egg.629,Wild.Clutch.201,ECC_6.2023.Taylors,2023,NA,England,Cumbria,['Cumbria'],-2.9021,54.6364,3,Failed,Wild,Fertile,Hatched,1,Hatched,Hatched,46,Phase.4
Wild.egg.630,Wild.Clutch.201,ECC_6.2023.Taylors,2023,NA,England,Cumbria,['Cumbria'],-2.9021,54.6364,3,Failed,Wild,Fertile,Hatched,1,Hatched,Hatched,46,Phase.4
Wild.egg.631,Wild.Clutch.202,ECC_6.2023.Wilson.L,2023,NA,England,Cumbria,['Cumbria'],-2.9021,54.6364,4,Failed,Wild,Fertile,Unhatched,0,Failed,~42,42,Phase.3
Wild.egg.632,Wild.Clutch.202,ECC_6.2023.Wilson.L,2023,NA,England,Cumbria,['Cumbria'],-2.9021,54.6364,4,Failed,Wild,Fertile,Unhatched,0,Failed,~34-35,34.5,Phase.3
Wild.egg.633,Wild.Clutch.202,ECC_6.2023.Wilson.L,2023,NA,England,Cumbria,['Cumbria'],-2.9021,54.6364,4,Failed,Wild,Fertile,Unhatched,0,Failed,~42 (possibly 43),42.5,Phase.3
Wild.egg.634,Wild.Clutch.202,ECC_6.2023.Wilson.L,2023,NA,England,Cumbria,['Cumbria'],-2.9021,54.6364,4,Failed,Wild,Fertile,Unhatched,0,Failed,~42,42,Phase.3
Wild.egg.635,Wild.Clutch.203,ECC_Unknown.1.2023.Bates.Hill,2023,Grassland,England,Shropshire,['Shropshire'],-2.7367,52.6221,4,Predated,Wild,Fertile,Hatched,1,Hatched,Hatched,46,Phase.4
Wild.egg.636,Wild.Clutch.203,ECC_Unknown.1.2023.Bates.Hill,2023,Grassland,England,Shropshire,['Shropshire'],-2.7367,52.6221,4,Predated,Wild,Fertile,Hatched,1,Hatched,Hatched,46,Phase.4
Wild.egg.637,Wild.Clutch.203,ECC_Unknown.1.2023.Bates.Hill,2023,Grassland,England,Shropshire,['Shropshire'],-2.7367,52.6221,4,Predated,Wild,Fertile,Hatched,1,Hatched,Hatched,46,Phase.4
Wild.egg.638,Wild.Clutch.204,ECC_Unknown.2.2023.BOS802,2023,Grassland,England,Oxfordshire,['Oxfordshire'],-1.2915,51.7716,4,Hatched,Wild,Fertile,Hatched,1,Hatched,Hatched,46,Phase.4
Wild.egg.639,Wild.Clutch.204,ECC_Unknown.2.2023.BOS802,2023,Grassland,England,Oxfordshire,['Oxfordshire'],-1.2915,51.7716,4,Hatched,Wild,Fertile,Hatched,1,Hatched,Hatched,46,Phase.4
Wild.egg.640,Wild.Clutch.204,ECC_Unknown.2.2023.BOS802,2023,Grassland,England,Oxfordshire,['Oxfordshire'],-1.2915,51.7716,4,Hatched,Wild,Fertile,Hatched,1,Hatched,Hatched,46,Phase.4
Wild.egg.641,Wild.Clutch.204,ECC_Unknown.2.2023.BOS802,2023,Grassland,England,Oxfordshire,['Oxfordshire'],-1.2915,51.7716,4,Hatched,Wild,Fertile,Hatched,1,Hatched,Hatched,46,Phase.4
Wild.egg.642,Wild.Clutch.205,ECC_11.2024.02,2024,Grassland,Northern Ireland,Fermanagh,County Fermanagh,-7.5271,54.3852,4,Hatched,Wild,Fertile,Hatched,1,Hatched,Hatched,46,Phase.4
Wild.egg.643,Wild.Clutch.205,ECC_11.2024.02,2024,Grassland,Northern Ireland,Fermanagh,County Fermanagh,-7.5271,54.3852,4,Hatched,Wild,Fertile,Hatched,1,Hatched,Hatched,46,Phase.4
Wild.egg.644,Wild.Clutch.205,ECC_11.2024.02,2024,Grassland,Northern Ireland,Fermanagh,County Fermanagh,-7.5271,54.3852,4,Hatched,Wild,Fertile,Hatched,1,Hatched,Hatched,46,Phase.4
Wild.egg.645,Wild.Clutch.205,ECC_11.2024.02,2024,Grassland,Northern Ireland,Fermanagh,County Fermanagh,-7.5271,54.3852,4,Hatched,Wild,Fertile,Hatched,1,Hatched,Hatched,46,Phase.4
Wild.egg.646,Wild.Clutch.206,ECC_11.2024.03,2024,Grassland,Northern Ireland,Fermanagh,County Fermanagh,-7.5271,54.3852,4,Hatched,Wild,Fertile,Hatched,1,Hatched,Hatched,46,Phase.4
Wild.egg.647,Wild.Clutch.206,ECC_11.2024.03,2024,Grassland,Northern Ireland,Fermanagh,County Fermanagh,-7.5271,54.3852,4,Hatched,Wild,Fertile,Hatched,1,Hatched,Hatched,46,Phase.4
Wild.egg.648,Wild.Clutch.206,ECC_11.2024.03,2024,Grassland,Northern Ireland,Fermanagh,County Fermanagh,-7.5271,54.3852,4,Hatched,Wild,Fertile,Hatched,1,Hatched,Hatched,46,Phase.4
Wild.egg.649,Wild.Clutch.206,ECC_11.2024.03,2024,Grassland,Northern Ireland,Fermanagh,County Fermanagh,-7.5271,54.3852,4,Hatched,Wild,Fertile,Hatched,1,Hatched,Hatched,46,Phase.4
Wild.egg.650,Wild.Clutch.207,ECC_11.2024.04,2024,Grassland,Northern Ireland,Fermanagh,County Fermanagh,-7.5271,54.3852,4,Hatched,Wild,Fertile,Hatched,1,Hatched,Hatched,46,Phase.4
Wild.egg.651,Wild.Clutch.207,ECC_11.2024.04,2024,Grassland,Northern Ireland,Fermanagh,County Fermanagh,-7.5271,54.3852,4,Hatched,Wild,Fertile,Hatched,1,Hatched,Hatched,46,Phase.4
Wild.egg.652,Wild.Clutch.207,ECC_11.2024.04,2024,Grassland,Northern Ireland,Fermanagh,County Fermanagh,-7.5271,54.3852,4,Hatched,Wild,Fertile,Hatched,1,Hatched,Hatched,46,Phase.4
Wild.egg.653,Wild.Clutch.207,ECC_11.2024.04,2024,Grassland,Northern Ireland,Fermanagh,County Fermanagh,-7.5271,54.3852,4,Hatched,Wild,Fertile,Hatched,1,Hatched,Hatched,46,Phase.4
Wild.egg.654,Wild.Clutch.208,ECC_11.2024.05,2024,Grassland,Northern Ireland,Fermanagh,County Fermanagh,-7.5271,54.3852,4,Hatched,Wild,Fertile,Hatched,1,Hatched,Hatched,46,Phase.4
Wild.egg.655,Wild.Clutch.208,ECC_11.2024.05,2024,Grassland,Northern Ireland,Fermanagh,County Fermanagh,-7.5271,54.3852,4,Hatched,Wild,Fertile,Hatched,1,Hatched,Hatched,46,Phase.4
Wild.egg.656,Wild.Clutch.208,ECC_11.2024.05,2024,Grassland,Northern Ireland,Fermanagh,County Fermanagh,-7.5271,54.3852,4,Hatched,Wild,Fertile,Hatched,1,Hatched,Hatched,46,Phase.4
Wild.egg.657,Wild.Clutch.208,ECC_11.2024.05,2024,Grassland,Northern Ireland,Fermanagh,County Fermanagh,-7.5271,54.3852,4,Hatched,Wild,Fertile,Hatched,1,Hatched,Hatched,46,Phase.4
Wild.egg.658,Wild.Clutch.209,ECC_11.2024.06,2024,Grassland,Northern Ireland,Fermanagh,County Fermanagh,-7.5271,54.3852,4,Hatched,Wild,Fertile,Hatched,1,Hatched,Hatched,46,Phase.4
Wild.egg.659,Wild.Clutch.209,ECC_11.2024.06,2024,Grassland,Northern Ireland,Fermanagh,County Fermanagh,-7.5271,54.3852,4,Hatched,Wild,Fertile,Hatched,1,Hatched,Hatched,46,Phase.4
Wild.egg.660,Wild.Clutch.209,ECC_11.2024.06,2024,Grassland,Northern Ireland,Fermanagh,County Fermanagh,-7.5271,54.3852,4,Hatched,Wild,Fertile,Hatched,1,Hatched,Hatched,46,Phase.4
Wild.egg.661,Wild.Clutch.209,ECC_11.2024.06,2024,Grassland,Northern Ireland,Fermanagh,County Fermanagh,-7.5271,54.3852,4,Hatched,Wild,Fertile,Hatched,1,Hatched,Hatched,46,Phase.4
Wild.egg.662,Wild.Clutch.210,ECC_11.2024.07,2024,Grassland,Northern Ireland,Fermanagh,County Fermanagh,-7.5271,54.3852,4,Hatched,Wild,Fertile,Hatched,1,Hatched,Hatched,46,Phase.4
Wild.egg.663,Wild.Clutch.210,ECC_11.2024.07,2024,Grassland,Northern Ireland,Fermanagh,County Fermanagh,-7.5271,54.3852,4,Hatched,Wild,Fertile,Hatched,1,Hatched,Hatched,46,Phase.4
Wild.egg.664,Wild.Clutch.210,ECC_11.2024.07,2024,Grassland,Northern Ireland,Fermanagh,County Fermanagh,-7.5271,54.3852,4,Hatched,Wild,Fertile,Hatched,1,Hatched,Hatched,46,Phase.4
Wild.egg.665,Wild.Clutch.210,ECC_11.2024.07,2024,Grassland,Northern Ireland,Fermanagh,County Fermanagh,-7.5271,54.3852,4,Hatched,Wild,Fertile,Hatched,1,Hatched,Hatched,46,Phase.4
Wild.egg.666,Wild.Clutch.211,ECC_11.2024.08,2024,Grassland,Northern Ireland,Fermanagh,County Fermanagh,-7.5271,54.3852,4,Failed,Wild,Fertile,Unhatched,0,Failed,45,45,Phase.3
Wild.egg.667,Wild.Clutch.211,ECC_11.2024.08,2024,Grassland,Northern Ireland,Fermanagh,County Fermanagh,-7.5271,54.3852,4,Failed,Wild,Fertile,Hatched,1,Hatched,Hatched,46,Phase.4
Wild.egg.668,Wild.Clutch.211,ECC_11.2024.08,2024,Grassland,Northern Ireland,Fermanagh,County Fermanagh,-7.5271,54.3852,4,Failed,Wild,Fertile,Hatched,1,Hatched,Hatched,46,Phase.4
Wild.egg.669,Wild.Clutch.211,ECC_11.2024.08,2024,Grassland,Northern Ireland,Fermanagh,County Fermanagh,-7.5271,54.3852,4,Failed,Wild,Fertile,Hatched,1,Hatched,Hatched,46,Phase.4
Wild.egg.670,Wild.Clutch.212,ECC_11.2024.09,2024,Grassland,Northern Ireland,Fermanagh,County Fermanagh,-7.5271,54.3852,4,Hatched,Wild,Fertile,Hatched,1,Hatched,Hatched,46,Phase.4
Wild.egg.671,Wild.Clutch.212,ECC_11.2024.09,2024,Grassland,Northern Ireland,Fermanagh,County Fermanagh,-7.5271,54.3852,4,Hatched,Wild,Fertile,Hatched,1,Hatched,Hatched,46,Phase.4
Wild.egg.672,Wild.Clutch.212,ECC_11.2024.09,2024,Grassland,Northern Ireland,Fermanagh,County Fermanagh,-7.5271,54.3852,4,Hatched,Wild,Fertile,Hatched,1,Hatched,Hatched,46,Phase.4
Wild.egg.673,Wild.Clutch.212,ECC_11.2024.09,2024,Grassland,Northern Ireland,Fermanagh,County Fermanagh,-7.5271,54.3852,4,Hatched,Wild,Fertile,Hatched,1,Hatched,Hatched,46,Phase.4
Wild.egg.674,Wild.Clutch.213,ECC_11.2024.10,2024,Grassland,Northern Ireland,Fermanagh,County Fermanagh,-7.5271,54.3852,4,Hatched,Wild,Fertile,Hatched,1,Hatched,Hatched,46,Phase.4
Wild.egg.675,Wild.Clutch.213,ECC_11.2024.10,2024,Grassland,Northern Ireland,Fermanagh,County Fermanagh,-7.5271,54.3852,4,Hatched,Wild,Fertile,Hatched,1,Hatched,Hatched,46,Phase.4
Wild.egg.676,Wild.Clutch.213,ECC_11.2024.10,2024,Grassland,Northern Ireland,Fermanagh,County Fermanagh,-7.5271,54.3852,4,Hatched,Wild,Fertile,Hatched,1,Hatched,Hatched,46,Phase.4
Wild.egg.677,Wild.Clutch.213,ECC_11.2024.10,2024,Grassland,Northern Ireland,Fermanagh,County Fermanagh,-7.5271,54.3852,4,Hatched,Wild,Fertile,Hatched,1,Hatched,Hatched,46,Phase.4
Wild.egg.678,Wild.Clutch.214,ECC_11.2024.11,2024,Grassland,Northern Ireland,Fermanagh,County Fermanagh,-7.5271,54.3852,4,Unknown,Wild,Fertile,Hatched,1,Hatched,Hatched,46,Phase.4
Wild.egg.679,Wild.Clutch.214,ECC_11.2024.11,2024,Grassland,Northern Ireland,Fermanagh,County Fermanagh,-7.5271,54.3852,4,Unknown,Wild,Fertile,Hatched,1,Hatched,Hatched,46,Phase.4
Wild.egg.680,Wild.Clutch.214,ECC_11.2024.11,2024,Grassland,Northern Ireland,Fermanagh,County Fermanagh,-7.5271,54.3852,4,Unknown,Wild,Fertile,Hatched,1,Hatched,Hatched,46,Phase.4
Wild.egg.681,Wild.Clutch.215,ECC_11.2024.12,2024,Grassland,Northern Ireland,Fermanagh,County Fermanagh,-7.5271,54.3852,3,Unknown,Wild,Fertile,Hatched,1,Hatched,Hatched,46,Phase.4
Wild.egg.682,Wild.Clutch.215,ECC_11.2024.12,2024,Grassland,Northern Ireland,Fermanagh,County Fermanagh,-7.5271,54.3852,3,Unknown,Wild,Fertile,Hatched,1,Hatched,Hatched,46,Phase.4
Wild.egg.683,Wild.Clutch.216,ECC_11.2024.16,2024,Grassland,Northern Ireland,Fermanagh,County Fermanagh,-7.5271,54.3852,4,Hatched,Wild,Fertile,Hatched,1,Hatched,Hatched,46,Phase.4
Wild.egg.684,Wild.Clutch.216,ECC_11.2024.16,2024,Grassland,Northern Ireland,Fermanagh,County Fermanagh,-7.5271,54.3852,4,Hatched,Wild,Fertile,Hatched,1,Hatched,Hatched,46,Phase.4
Wild.egg.685,Wild.Clutch.216,ECC_11.2024.16,2024,Grassland,Northern Ireland,Fermanagh,County Fermanagh,-7.5271,54.3852,4,Hatched,Wild,Fertile,Hatched,1,Hatched,Hatched,46,Phase.4
Wild.egg.686,Wild.Clutch.216,ECC_11.2024.16,2024,Grassland,Northern Ireland,Fermanagh,County Fermanagh,-7.5271,54.3852,4,Hatched,Wild,Fertile,Hatched,1,Hatched,Hatched,46,Phase.4
Wild.egg.687,Wild.Clutch.217,ECC_11.2024.17,2024,Grassland,Northern Ireland,Fermanagh,County Fermanagh,-7.5271,54.3852,4,Hatched,Wild,Fertile,Hatched,1,Hatched,Hatched,46,Phase.4
Wild.egg.688,Wild.Clutch.217,ECC_11.2024.17,2024,Grassland,Northern Ireland,Fermanagh,County Fermanagh,-7.5271,54.3852,4,Hatched,Wild,Fertile,Hatched,1,Hatched,Hatched,46,Phase.4
Wild.egg.689,Wild.Clutch.217,ECC_11.2024.17,2024,Grassland,Northern Ireland,Fermanagh,County Fermanagh,-7.5271,54.3852,4,Hatched,Wild,Fertile,Hatched,1,Hatched,Hatched,46,Phase.4
Wild.egg.690,Wild.Clutch.217,ECC_11.2024.17,2024,Grassland,Northern Ireland,Fermanagh,County Fermanagh,-7.5271,54.3852,4,Hatched,Wild,Fertile,Hatched,1,Hatched,Hatched,46,Phase.4
Wild.egg.691,Wild.Clutch.218,ECC_11.2024.18,2024,Grassland,Northern Ireland,Fermanagh,County Fermanagh,-7.5271,54.3852,4,Predated,Wild,Fertile,Hatched,1,Hatched,Hatched,46,Phase.4
Wild.egg.692,Wild.Clutch.218,ECC_11.2024.18,2024,Grassland,Northern Ireland,Fermanagh,County Fermanagh,-7.5271,54.3852,4,Predated,Wild,Fertile,Hatched,1,Hatched,Hatched,46,Phase.4
Wild.egg.693,Wild.Clutch.219,ECC_11.2024.20,2024,Grassland,Northern Ireland,Fermanagh,County Fermanagh,-7.5271,54.3852,4,Unknown,Wild,Fertile,Hatched,1,Hatched,Hatched,46,Phase.4
Wild.egg.694,Wild.Clutch.219,ECC_11.2024.20,2024,Grassland,Northern Ireland,Fermanagh,County Fermanagh,-7.5271,54.3852,4,Unknown,Wild,Fertile,Hatched,1,Hatched,Hatched,46,Phase.4
Wild.egg.695,Wild.Clutch.219,ECC_11.2024.20,2024,Grassland,Northern Ireland,Fermanagh,County Fermanagh,-7.5271,54.3852,4,Unknown,Wild,Fertile,Hatched,1,Hatched,Hatched,46,Phase.4
Wild.egg.696,Wild.Clutch.220,ECC_12.2024.CUHW07_01,2024,Grassland,England,Northumberland,['Northumberland'],-2.0752,55.3004,4,Hatched,Wild,Fertile,Hatched,1,Hatched,Hatched,46,Phase.4
Wild.egg.697,Wild.Clutch.220,ECC_12.2024.CUHW07_01,2024,Grassland,England,Northumberland,['Northumberland'],-2.0752,55.3004,4,Hatched,Wild,Fertile,Hatched,1,Hatched,Hatched,46,Phase.4
Wild.egg.698,Wild.Clutch.220,ECC_12.2024.CUHW07_01,2024,Grassland,England,Northumberland,['Northumberland'],-2.0752,55.3004,4,Hatched,Wild,Fertile,Hatched,1,Hatched,Hatched,46,Phase.4
Wild.egg.699,Wild.Clutch.220,ECC_12.2024.CUHW07_01,2024,Grassland,England,Northumberland,['Northumberland'],-2.0752,55.3004,4,Hatched,Wild,Fertile,Hatched,1,Hatched,Hatched,46,Phase.4
Wild.egg.700,Wild.Clutch.221,ECC_12.2024.CUHW07_02,2024,Grassland,England,Northumberland,['Northumberland'],-2.0752,55.3004,4,Hatched,Wild,Fertile,Hatched,1,Hatched,Hatched,46,Phase.4
Wild.egg.701,Wild.Clutch.221,ECC_12.2024.CUHW07_02,2024,Grassland,England,Northumberland,['Northumberland'],-2.0752,55.3004,4,Hatched,Wild,Fertile,Hatched,1,Hatched,Hatched,46,Phase.4
Wild.egg.702,Wild.Clutch.221,ECC_12.2024.CUHW07_02,2024,Grassland,England,Northumberland,['Northumberland'],-2.0752,55.3004,4,Hatched,Wild,Fertile,Hatched,1,Hatched,Hatched,46,Phase.4
Wild.egg.703,Wild.Clutch.221,ECC_12.2024.CUHW07_02,2024,Grassland,England,Northumberland,['Northumberland'],-2.0752,55.3004,4,Hatched,Wild,Fertile,Hatched,1,Hatched,Hatched,46,Phase.4
Wild.egg.704,Wild.Clutch.222,ECC_12.2024.CUHW15_01,2024,Grassland,England,Northumberland,['Northumberland'],-2.0752,55.3004,4,Failed,Wild,Fertile,Unhatched,0,Failed,39,39,Phase.3
Wild.egg.705,Wild.Clutch.222,ECC_12.2024.CUHW15_01,2024,Grassland,England,Northumberland,['Northumberland'],-2.0752,55.3004,4,Failed,Wild,Fertile,Unhatched,0,Failed,41,41,Phase.3
Wild.egg.706,Wild.Clutch.222,ECC_12.2024.CUHW15_01,2024,Grassland,England,Northumberland,['Northumberland'],-2.0752,55.3004,4,Failed,Wild,Fertile,Hatched,1,Hatched,Hatched,46,Phase.4
Wild.egg.707,Wild.Clutch.222,ECC_12.2024.CUHW15_01,2024,Grassland,England,Northumberland,['Northumberland'],-2.0752,55.3004,4,Failed,Wild,Fertile,Hatched,1,Hatched,Hatched,46,Phase.4
Wild.egg.708,Wild.Clutch.223,ECC_12.2024.CUHW29_01,2024,Grassland,England,Northumberland,['Northumberland'],-2.0752,55.3004,4,Failed,Wild,Fertile,Unhatched,0,Failed,Likely early,NA,Phase.1
Wild.egg.709,Wild.Clutch.223,ECC_12.2024.CUHW29_01,2024,Grassland,England,Northumberland,['Northumberland'],-2.0752,55.3004,4,Failed,Wild,Fertile,Hatched,1,Hatched,Hatched,46,Phase.4
Wild.egg.710,Wild.Clutch.223,ECC_12.2024.CUHW29_01,2024,Grassland,England,Northumberland,['Northumberland'],-2.0752,55.3004,4,Failed,Wild,Fertile,Hatched,1,Hatched,Hatched,46,Phase.4
Wild.egg.711,Wild.Clutch.223,ECC_12.2024.CUHW29_01,2024,Grassland,England,Northumberland,['Northumberland'],-2.0752,55.3004,4,Failed,Wild,Fertile,Hatched,1,Hatched,Hatched,46,Phase.4
Wild.egg.712,Wild.Clutch.224,ECC_12.2024.CUHW38_01,2024,Mixed,England,Northumberland,['Northumberland'],-2.0752,55.3004,4,Failed,Wild,Fertile,Unhatched,0,Failed,Likely early,NA,Phase.1
Wild.egg.713,Wild.Clutch.224,ECC_12.2024.CUHW38_01,2024,Mixed,England,Northumberland,['Northumberland'],-2.0752,55.3004,4,Failed,Wild,Fertile,Hatched,1,Hatched,Hatched,46,Phase.4
Wild.egg.714,Wild.Clutch.224,ECC_12.2024.CUHW38_01,2024,Mixed,England,Northumberland,['Northumberland'],-2.0752,55.3004,4,Failed,Wild,Fertile,Hatched,1,Hatched,Hatched,46,Phase.4
Wild.egg.715,Wild.Clutch.224,ECC_12.2024.CUHW38_01,2024,Mixed,England,Northumberland,['Northumberland'],-2.0752,55.3004,4,Failed,Wild,Fertile,Hatched,1,Hatched,Hatched,46,Phase.4
Wild.egg.716,Wild.Clutch.225,ECC_12.2024.CUHW39_01,2024,Grassland,England,Northumberland,['Northumberland'],-2.0752,55.3004,3,Hatched,Wild,Fertile,Hatched,1,Hatched,Hatched,46,Phase.4
Wild.egg.717,Wild.Clutch.225,ECC_12.2024.CUHW39_01,2024,Grassland,England,Northumberland,['Northumberland'],-2.0752,55.3004,3,Hatched,Wild,Fertile,Hatched,1,Hatched,Hatched,46,Phase.4
Wild.egg.718,Wild.Clutch.225,ECC_12.2024.CUHW39_01,2024,Grassland,England,Northumberland,['Northumberland'],-2.0752,55.3004,3,Hatched,Wild,Fertile,Hatched,1,Hatched,Hatched,46,Phase.4
Wild.egg.719,Wild.Clutch.226,ECC_12.2024.NY586575,2024,Grassland,England,Cumbria,['Cumbria'],-2.9021,54.6364,4,Damaged,Wild,Fertile,Hatched,1,Hatched,Hatched,46,Phase.4
Wild.egg.720,Wild.Clutch.226,ECC_12.2024.NY586575,2024,Grassland,England,Cumbria,['Cumbria'],-2.9021,54.6364,4,Damaged,Wild,Fertile,Hatched,1,Hatched,Hatched,46,Phase.4
Wild.egg.721,Wild.Clutch.226,ECC_12.2024.NY586575,2024,Grassland,England,Cumbria,['Cumbria'],-2.9021,54.6364,4,Damaged,Wild,Fertile,Hatched,1,Hatched,Hatched,46,Phase.4
Wild.egg.722,Wild.Clutch.227,ECC_15.2024.Greenside.1,2024,Grassland,England,Lancashire,['Lancashire'],-2.4609,53.8622,4,Hatched,Wild,Fertile,Hatched,1,Hatched,Hatched,46,Phase.4
Wild.egg.723,Wild.Clutch.227,ECC_15.2024.Greenside.1,2024,Grassland,England,Lancashire,['Lancashire'],-2.4609,53.8622,4,Hatched,Wild,Fertile,Hatched,1,Hatched,Hatched,46,Phase.4
Wild.egg.724,Wild.Clutch.227,ECC_15.2024.Greenside.1,2024,Grassland,England,Lancashire,['Lancashire'],-2.4609,53.8622,4,Hatched,Wild,Fertile,Hatched,1,Hatched,Hatched,46,Phase.4
Wild.egg.725,Wild.Clutch.227,ECC_15.2024.Greenside.1,2024,Grassland,England,Lancashire,['Lancashire'],-2.4609,53.8622,4,Hatched,Wild,Fertile,Hatched,1,Hatched,Hatched,46,Phase.4
Wild.egg.726,Wild.Clutch.228,ECC_15.2024.Greenside.R,2024,Grassland,England,Lancashire,['Lancashire'],-2.4609,53.8622,4,Hatched,Wild,Fertile,Hatched,1,Hatched,Hatched,46,Phase.4
Wild.egg.727,Wild.Clutch.228,ECC_15.2024.Greenside.R,2024,Grassland,England,Lancashire,['Lancashire'],-2.4609,53.8622,4,Hatched,Wild,Fertile,Hatched,1,Hatched,Hatched,46,Phase.4
Wild.egg.728,Wild.Clutch.228,ECC_15.2024.Greenside.R,2024,Grassland,England,Lancashire,['Lancashire'],-2.4609,53.8622,4,Hatched,Wild,Fertile,Hatched,1,Hatched,Hatched,46,Phase.4
Wild.egg.729,Wild.Clutch.228,ECC_15.2024.Greenside.R,2024,Grassland,England,Lancashire,['Lancashire'],-2.4609,53.8622,4,Hatched,Wild,Fertile,Hatched,1,Hatched,Hatched,46,Phase.4
Wild.egg.730,Wild.Clutch.229,ECC_15.2024.Lainsley.Slack,2024,Moorland,England,Lancashire,['Lancashire'],-2.4609,53.8622,4,Hatched,Wild,Fertile,Hatched,1,Hatched,Hatched,46,Phase.4
Wild.egg.731,Wild.Clutch.229,ECC_15.2024.Lainsley.Slack,2024,Moorland,England,Lancashire,['Lancashire'],-2.4609,53.8622,4,Hatched,Wild,Fertile,Hatched,1,Hatched,Hatched,46,Phase.4
Wild.egg.732,Wild.Clutch.229,ECC_15.2024.Lainsley.Slack,2024,Moorland,England,Lancashire,['Lancashire'],-2.4609,53.8622,4,Hatched,Wild,Fertile,Hatched,1,Hatched,Hatched,46,Phase.4
Wild.egg.733,Wild.Clutch.229,ECC_15.2024.Lainsley.Slack,2024,Moorland,England,Lancashire,['Lancashire'],-2.4609,53.8622,4,Hatched,Wild,Fertile,Hatched,1,Hatched,Hatched,46,Phase.4
Wild.egg.734,Wild.Clutch.230,ECC_15.2024.Sinbad,2024,Grassland,England,Lancashire,['Lancashire'],-2.4609,53.8622,4,Hatched,Wild,Fertile,Hatched,1,Hatched,Hatched,46,Phase.4
Wild.egg.735,Wild.Clutch.230,ECC_15.2024.Sinbad,2024,Grassland,England,Lancashire,['Lancashire'],-2.4609,53.8622,4,Hatched,Wild,Fertile,Hatched,1,Hatched,Hatched,46,Phase.4
Wild.egg.736,Wild.Clutch.230,ECC_15.2024.Sinbad,2024,Grassland,England,Lancashire,['Lancashire'],-2.4609,53.8622,4,Hatched,Wild,Fertile,Hatched,1,Hatched,Hatched,46,Phase.4
Wild.egg.737,Wild.Clutch.230,ECC_15.2024.Sinbad,2024,Grassland,England,Lancashire,['Lancashire'],-2.4609,53.8622,4,Hatched,Wild,Fertile,Hatched,1,Hatched,Hatched,46,Phase.4
Wild.egg.738,Wild.Clutch.231,ECC_17.2024.F1,2024,NA,Wales,Conwy County Borough,['Conwy'],-3.7465,53.1474,4,Hatched,Wild,Fertile,Hatched,1,Hatched,Hatched,46,Phase.4
Wild.egg.739,Wild.Clutch.231,ECC_17.2024.F1,2024,NA,Wales,Conwy County Borough,['Conwy'],-3.7465,53.1474,4,Hatched,Wild,Fertile,Hatched,1,Hatched,Hatched,46,Phase.4
Wild.egg.740,Wild.Clutch.231,ECC_17.2024.F1,2024,NA,Wales,Conwy County Borough,['Conwy'],-3.7465,53.1474,4,Hatched,Wild,Fertile,Hatched,1,Hatched,Hatched,46,Phase.4
Wild.egg.741,Wild.Clutch.231,ECC_17.2024.F1,2024,NA,Wales,Conwy County Borough,['Conwy'],-3.7465,53.1474,4,Hatched,Wild,Fertile,Hatched,1,Hatched,Hatched,46,Phase.4
Wild.egg.742,Wild.Clutch.232,ECC_17.2024.GD3,2024,NA,Wales,Conwy County Borough,['Conwy'],-3.7465,53.1474,4,Hatched,Wild,Fertile,Hatched,1,Hatched,Hatched,46,Phase.4
Wild.egg.743,Wild.Clutch.232,ECC_17.2024.GD3,2024,NA,Wales,Conwy County Borough,['Conwy'],-3.7465,53.1474,4,Hatched,Wild,Fertile,Hatched,1,Hatched,Hatched,46,Phase.4
Wild.egg.744,Wild.Clutch.232,ECC_17.2024.GD3,2024,NA,Wales,Conwy County Borough,['Conwy'],-3.7465,53.1474,4,Hatched,Wild,Fertile,Hatched,1,Hatched,Hatched,46,Phase.4
Wild.egg.745,Wild.Clutch.232,ECC_17.2024.GD3,2024,NA,Wales,Conwy County Borough,['Conwy'],-3.7465,53.1474,4,Hatched,Wild,Fertile,Hatched,1,Hatched,Hatched,46,Phase.4
Wild.egg.746,Wild.Clutch.233,ECC_17.2024.P1,2024,NA,Wales,Conwy County Borough,['Conwy'],-3.7465,53.1474,4,Hatched,Wild,Fertile,Hatched,1,Hatched,Hatched,46,Phase.4
Wild.egg.747,Wild.Clutch.233,ECC_17.2024.P1,2024,NA,Wales,Conwy County Borough,['Conwy'],-3.7465,53.1474,4,Hatched,Wild,Fertile,Hatched,1,Hatched,Hatched,46,Phase.4
Wild.egg.748,Wild.Clutch.233,ECC_17.2024.P1,2024,NA,Wales,Conwy County Borough,['Conwy'],-3.7465,53.1474,4,Hatched,Wild,Fertile,Hatched,1,Hatched,Hatched,46,Phase.4
Wild.egg.749,Wild.Clutch.233,ECC_17.2024.P1,2024,NA,Wales,Conwy County Borough,['Conwy'],-3.7465,53.1474,4,Hatched,Wild,Fertile,Hatched,1,Hatched,Hatched,46,Phase.4
Wild.egg.750,Wild.Clutch.234,ECC_17.2024.P10,2024,NA,Wales,Conwy County Borough,['Conwy'],-3.7465,53.1474,4,Hatched,Wild,Fertile,Hatched,1,Hatched,Hatched,46,Phase.4
Wild.egg.751,Wild.Clutch.234,ECC_17.2024.P10,2024,NA,Wales,Conwy County Borough,['Conwy'],-3.7465,53.1474,4,Hatched,Wild,Fertile,Hatched,1,Hatched,Hatched,46,Phase.4
Wild.egg.752,Wild.Clutch.234,ECC_17.2024.P10,2024,NA,Wales,Conwy County Borough,['Conwy'],-3.7465,53.1474,4,Hatched,Wild,Fertile,Hatched,1,Hatched,Hatched,46,Phase.4
Wild.egg.753,Wild.Clutch.234,ECC_17.2024.P10,2024,NA,Wales,Conwy County Borough,['Conwy'],-3.7465,53.1474,4,Hatched,Wild,Fertile,Hatched,1,Hatched,Hatched,46,Phase.4
Wild.egg.754,Wild.Clutch.235,ECC_17.2024.P11,2024,NA,Wales,Conwy County Borough,['Conwy'],-3.7465,53.1474,4,Hatched,Wild,Fertile,Hatched,1,Hatched,Hatched,46,Phase.4
Wild.egg.755,Wild.Clutch.235,ECC_17.2024.P11,2024,NA,Wales,Conwy County Borough,['Conwy'],-3.7465,53.1474,4,Hatched,Wild,Fertile,Hatched,1,Hatched,Hatched,46,Phase.4
Wild.egg.756,Wild.Clutch.235,ECC_17.2024.P11,2024,NA,Wales,Conwy County Borough,['Conwy'],-3.7465,53.1474,4,Hatched,Wild,Fertile,Hatched,1,Hatched,Hatched,46,Phase.4
Wild.egg.757,Wild.Clutch.235,ECC_17.2024.P11,2024,NA,Wales,Conwy County Borough,['Conwy'],-3.7465,53.1474,4,Hatched,Wild,Fertile,Hatched,1,Hatched,Hatched,46,Phase.4
Wild.egg.758,Wild.Clutch.236,ECC_17.2024.P2,2024,NA,Wales,Conwy County Borough,['Conwy'],-3.7465,53.1474,3,Hatched,Wild,Fertile,Hatched,1,Hatched,Hatched,46,Phase.4
Wild.egg.759,Wild.Clutch.236,ECC_17.2024.P2,2024,NA,Wales,Conwy County Borough,['Conwy'],-3.7465,53.1474,3,Hatched,Wild,Fertile,Hatched,1,Hatched,Hatched,46,Phase.4
Wild.egg.760,Wild.Clutch.236,ECC_17.2024.P2,2024,NA,Wales,Conwy County Borough,['Conwy'],-3.7465,53.1474,3,Hatched,Wild,Fertile,Hatched,1,Hatched,Hatched,46,Phase.4
Wild.egg.761,Wild.Clutch.237,ECC_17.2024.P3,2024,NA,Wales,Conwy County Borough,['Conwy'],-3.7465,53.1474,4,Hatched,Wild,Fertile,Hatched,1,Hatched,Hatched,46,Phase.4
Wild.egg.762,Wild.Clutch.237,ECC_17.2024.P3,2024,NA,Wales,Conwy County Borough,['Conwy'],-3.7465,53.1474,4,Hatched,Wild,Fertile,Hatched,1,Hatched,Hatched,46,Phase.4
Wild.egg.763,Wild.Clutch.237,ECC_17.2024.P3,2024,NA,Wales,Conwy County Borough,['Conwy'],-3.7465,53.1474,4,Hatched,Wild,Fertile,Hatched,1,Hatched,Hatched,46,Phase.4
Wild.egg.764,Wild.Clutch.237,ECC_17.2024.P3,2024,NA,Wales,Conwy County Borough,['Conwy'],-3.7465,53.1474,4,Hatched,Wild,Fertile,Hatched,1,Hatched,Hatched,46,Phase.4
Wild.egg.765,Wild.Clutch.238,ECC_17.2024.P4,2024,NA,Wales,Conwy County Borough,['Conwy'],-3.7465,53.1474,4,Hatched,Wild,Fertile,Hatched,1,Hatched,Hatched,46,Phase.4
Wild.egg.766,Wild.Clutch.238,ECC_17.2024.P4,2024,NA,Wales,Conwy County Borough,['Conwy'],-3.7465,53.1474,4,Hatched,Wild,Fertile,Hatched,1,Hatched,Hatched,46,Phase.4
Wild.egg.767,Wild.Clutch.238,ECC_17.2024.P4,2024,NA,Wales,Conwy County Borough,['Conwy'],-3.7465,53.1474,4,Hatched,Wild,Fertile,Hatched,1,Hatched,Hatched,46,Phase.4
Wild.egg.768,Wild.Clutch.238,ECC_17.2024.P4,2024,NA,Wales,Conwy County Borough,['Conwy'],-3.7465,53.1474,4,Hatched,Wild,Fertile,Hatched,1,Hatched,Hatched,46,Phase.4
Wild.egg.769,Wild.Clutch.239,ECC_17.2024.P5,2024,NA,Wales,Conwy County Borough,['Conwy'],-3.7465,53.1474,4,Hatched,Wild,Fertile,Hatched,1,Hatched,Hatched,46,Phase.4
Wild.egg.770,Wild.Clutch.239,ECC_17.2024.P5,2024,NA,Wales,Conwy County Borough,['Conwy'],-3.7465,53.1474,4,Hatched,Wild,Fertile,Hatched,1,Hatched,Hatched,46,Phase.4
Wild.egg.771,Wild.Clutch.239,ECC_17.2024.P5,2024,NA,Wales,Conwy County Borough,['Conwy'],-3.7465,53.1474,4,Hatched,Wild,Fertile,Hatched,1,Hatched,Hatched,46,Phase.4
Wild.egg.772,Wild.Clutch.239,ECC_17.2024.P5,2024,NA,Wales,Conwy County Borough,['Conwy'],-3.7465,53.1474,4,Hatched,Wild,Fertile,Hatched,1,Hatched,Hatched,46,Phase.4
Wild.egg.773,Wild.Clutch.240,ECC_17.2024.P6,2024,NA,Wales,Conwy County Borough,['Conwy'],-3.7465,53.1474,4,Hatched,Wild,Fertile,Hatched,1,Hatched,Hatched,46,Phase.4
Wild.egg.774,Wild.Clutch.240,ECC_17.2024.P6,2024,NA,Wales,Conwy County Borough,['Conwy'],-3.7465,53.1474,4,Hatched,Wild,Fertile,Hatched,1,Hatched,Hatched,46,Phase.4
Wild.egg.775,Wild.Clutch.240,ECC_17.2024.P6,2024,NA,Wales,Conwy County Borough,['Conwy'],-3.7465,53.1474,4,Hatched,Wild,Fertile,Hatched,1,Hatched,Hatched,46,Phase.4
Wild.egg.776,Wild.Clutch.240,ECC_17.2024.P6,2024,NA,Wales,Conwy County Borough,['Conwy'],-3.7465,53.1474,4,Hatched,Wild,Fertile,Hatched,1,Hatched,Hatched,46,Phase.4
Wild.egg.777,Wild.Clutch.241,ECC_17.2024.P7,2024,NA,Wales,Conwy County Borough,['Conwy'],-3.7465,53.1474,4,Failed,Wild,Fertile,Hatched,1,Hatched,Hatched,46,Phase.4
Wild.egg.778,Wild.Clutch.241,ECC_17.2024.P7,2024,NA,Wales,Conwy County Borough,['Conwy'],-3.7465,53.1474,4,Failed,Wild,Fertile,Hatched,1,Hatched,Hatched,46,Phase.4
Wild.egg.779,Wild.Clutch.241,ECC_17.2024.P7,2024,NA,Wales,Conwy County Borough,['Conwy'],-3.7465,53.1474,4,Failed,Wild,Fertile,Hatched,1,Hatched,Hatched,46,Phase.4
Wild.egg.780,Wild.Clutch.241,ECC_17.2024.P7,2024,NA,Wales,Conwy County Borough,['Conwy'],-3.7465,53.1474,4,Failed,Wild,Fertile,Unhatched,0,Failed,NA,NA,NA
Wild.egg.781,Wild.Clutch.242,ECC_17.2024.P8,2024,NA,Wales,Conwy County Borough,['Conwy'],-3.7465,53.1474,4,Hatched,Wild,Fertile,Hatched,1,Hatched,Hatched,46,Phase.4
Wild.egg.782,Wild.Clutch.242,ECC_17.2024.P8,2024,NA,Wales,Conwy County Borough,['Conwy'],-3.7465,53.1474,4,Hatched,Wild,Fertile,Hatched,1,Hatched,Hatched,46,Phase.4
Wild.egg.783,Wild.Clutch.242,ECC_17.2024.P8,2024,NA,Wales,Conwy County Borough,['Conwy'],-3.7465,53.1474,4,Hatched,Wild,Fertile,Hatched,1,Hatched,Hatched,46,Phase.4
Wild.egg.784,Wild.Clutch.242,ECC_17.2024.P8,2024,NA,Wales,Conwy County Borough,['Conwy'],-3.7465,53.1474,4,Hatched,Wild,Fertile,Hatched,1,Hatched,Hatched,46,Phase.4
Wild.egg.785,Wild.Clutch.243,ECC_17.2024.YI1,2024,NA,Wales,Conwy County Borough,['Conwy'],-3.7465,53.1474,4,Hatched,Wild,Fertile,Hatched,1,Hatched,Hatched,46,Phase.4
Wild.egg.786,Wild.Clutch.243,ECC_17.2024.YI1,2024,NA,Wales,Conwy County Borough,['Conwy'],-3.7465,53.1474,4,Hatched,Wild,Fertile,Hatched,1,Hatched,Hatched,46,Phase.4
Wild.egg.787,Wild.Clutch.243,ECC_17.2024.YI1,2024,NA,Wales,Conwy County Borough,['Conwy'],-3.7465,53.1474,4,Hatched,Wild,Fertile,Hatched,1,Hatched,Hatched,46,Phase.4
Wild.egg.788,Wild.Clutch.243,ECC_17.2024.YI1,2024,NA,Wales,Conwy County Borough,['Conwy'],-3.7465,53.1474,4,Hatched,Wild,Fertile,Hatched,1,Hatched,Hatched,46,Phase.4
Wild.egg.789,Wild.Clutch.244,ECC_17.2024.YI3,2024,NA,Wales,Conwy County Borough,['Conwy'],-3.7465,53.1474,4,Failed,Wild,Fertile,Unhatched,0,Failed,Early stage,NA,Phase.1
Wild.egg.790,Wild.Clutch.244,ECC_17.2024.YI3,2024,NA,Wales,Conwy County Borough,['Conwy'],-3.7465,53.1474,4,Failed,Wild,Fertile,Hatched,1,Hatched,Hatched,46,Phase.4
Wild.egg.791,Wild.Clutch.244,ECC_17.2024.YI3,2024,NA,Wales,Conwy County Borough,['Conwy'],-3.7465,53.1474,4,Failed,Wild,Fertile,Hatched,1,Hatched,Hatched,46,Phase.4
Wild.egg.792,Wild.Clutch.244,ECC_17.2024.YI3,2024,NA,Wales,Conwy County Borough,['Conwy'],-3.7465,53.1474,4,Failed,Wild,Fertile,Hatched,1,Hatched,Hatched,46,Phase.4
Wild.egg.793,Wild.Clutch.245,ECC_17.2024.YI5,2024,NA,Wales,Conwy County Borough,['Conwy'],-3.7465,53.1474,4,Failed,Wild,Fertile,Hatched,1,Hatched,Hatched,46,Phase.4
Wild.egg.794,Wild.Clutch.245,ECC_17.2024.YI5,2024,NA,Wales,Conwy County Borough,['Conwy'],-3.7465,53.1474,4,Failed,Wild,Fertile,Hatched,1,Hatched,Hatched,46,Phase.4
Wild.egg.795,Wild.Clutch.245,ECC_17.2024.YI5,2024,NA,Wales,Conwy County Borough,['Conwy'],-3.7465,53.1474,4,Failed,Wild,Fertile,Unhatched,0,Failed,NA,NA,NA
Wild.egg.796,Wild.Clutch.245,ECC_17.2024.YI5,2024,NA,Wales,Conwy County Borough,['Conwy'],-3.7465,53.1474,4,Failed,Wild,Fertile,Unhatched,0,Failed,NA,NA,NA
Wild.egg.797,Wild.Clutch.246,ECC_17.2024.YI6,2024,NA,Wales,Conwy County Borough,['Conwy'],-3.7465,53.1474,3,Hatched,Wild,Fertile,Hatched,1,Hatched,Hatched,46,Phase.4
Wild.egg.798,Wild.Clutch.246,ECC_17.2024.YI6,2024,NA,Wales,Conwy County Borough,['Conwy'],-3.7465,53.1474,3,Hatched,Wild,Fertile,Hatched,1,Hatched,Hatched,46,Phase.4
Wild.egg.799,Wild.Clutch.246,ECC_17.2024.YI6,2024,NA,Wales,Conwy County Borough,['Conwy'],-3.7465,53.1474,3,Hatched,Wild,Fertile,Hatched,1,Hatched,Hatched,46,Phase.4
Wild.egg.800,Wild.Clutch.247,ECC_20.2024.54,2024,Wetland,Scotland,Inverness ('Highland'),['Highland'],-4.661,57.5866,4,Hatched,Wild,Fertile,Hatched,1,Hatched,Hatched,46,Phase.4
Wild.egg.801,Wild.Clutch.247,ECC_20.2024.54,2024,Wetland,Scotland,Inverness ('Highland'),['Highland'],-4.661,57.5866,4,Hatched,Wild,Fertile,Hatched,1,Hatched,Hatched,46,Phase.4
Wild.egg.802,Wild.Clutch.247,ECC_20.2024.54,2024,Wetland,Scotland,Inverness ('Highland'),['Highland'],-4.661,57.5866,4,Hatched,Wild,Fertile,Hatched,1,Hatched,Hatched,46,Phase.4
Wild.egg.803,Wild.Clutch.247,ECC_20.2024.54,2024,Wetland,Scotland,Inverness ('Highland'),['Highland'],-4.661,57.5866,4,Hatched,Wild,Fertile,Hatched,1,Hatched,Hatched,46,Phase.4
Wild.egg.804,Wild.Clutch.248,ECC_20.2024.55,2024,Wetland,Scotland,Inverness ('Highland'),['Highland'],-4.661,57.5866,4,Hatched,Wild,Fertile,Hatched,1,Hatched,Hatched,46,Phase.4
Wild.egg.805,Wild.Clutch.248,ECC_20.2024.55,2024,Wetland,Scotland,Inverness ('Highland'),['Highland'],-4.661,57.5866,4,Hatched,Wild,Fertile,Hatched,1,Hatched,Hatched,46,Phase.4
Wild.egg.806,Wild.Clutch.248,ECC_20.2024.55,2024,Wetland,Scotland,Inverness ('Highland'),['Highland'],-4.661,57.5866,4,Hatched,Wild,Fertile,Hatched,1,Hatched,Hatched,46,Phase.4
Wild.egg.807,Wild.Clutch.248,ECC_20.2024.55,2024,Wetland,Scotland,Inverness ('Highland'),['Highland'],-4.661,57.5866,4,Hatched,Wild,Fertile,Hatched,1,Hatched,Hatched,46,Phase.4
Wild.egg.808,Wild.Clutch.249,ECC_20.2024.56,2024,Wetland,Scotland,Inverness ('Highland'),['Highland'],-4.661,57.5866,4,Hatched,Wild,Fertile,Hatched,1,Hatched,Hatched,46,Phase.4
Wild.egg.809,Wild.Clutch.249,ECC_20.2024.56,2024,Wetland,Scotland,Inverness ('Highland'),['Highland'],-4.661,57.5866,4,Hatched,Wild,Fertile,Hatched,1,Hatched,Hatched,46,Phase.4
Wild.egg.810,Wild.Clutch.249,ECC_20.2024.56,2024,Wetland,Scotland,Inverness ('Highland'),['Highland'],-4.661,57.5866,4,Hatched,Wild,Fertile,Hatched,1,Hatched,Hatched,46,Phase.4
Wild.egg.811,Wild.Clutch.249,ECC_20.2024.56,2024,Wetland,Scotland,Inverness ('Highland'),['Highland'],-4.661,57.5866,4,Hatched,Wild,Fertile,Hatched,1,Hatched,Hatched,46,Phase.4
Wild.egg.812,Wild.Clutch.250,ECC_20.2024.57,2024,Wetland,Scotland,Inverness ('Highland'),['Highland'],-4.661,57.5866,4,Failed,Wild,Fertile,Hatched,1,Hatched,Hatched,46,Phase.4
Wild.egg.813,Wild.Clutch.250,ECC_20.2024.57,2024,Wetland,Scotland,Inverness ('Highland'),['Highland'],-4.661,57.5866,4,Failed,Wild,Fertile,Hatched,1,Hatched,Hatched,46,Phase.4
Wild.egg.814,Wild.Clutch.250,ECC_20.2024.57,2024,Wetland,Scotland,Inverness ('Highland'),['Highland'],-4.661,57.5866,4,Failed,Wild,Fertile,Hatched,1,Hatched,Hatched,46,Phase.4
Wild.egg.815,Wild.Clutch.250,ECC_20.2024.57,2024,Wetland,Scotland,Inverness ('Highland'),['Highland'],-4.661,57.5866,4,Failed,Wild,Fertile,Unhatched,0,Failed,NA,NA,NA
Wild.egg.816,Wild.Clutch.251,ECC_20.2024.58,2024,Wetland,Scotland,Inverness ('Highland'),['Highland'],-4.661,57.5866,5,Hatched,Wild,Fertile,Hatched,1,Hatched,Hatched,46,Phase.4
Wild.egg.817,Wild.Clutch.251,ECC_20.2024.58,2024,Wetland,Scotland,Inverness ('Highland'),['Highland'],-4.661,57.5866,5,Hatched,Wild,Fertile,Hatched,1,Hatched,Hatched,46,Phase.4
Wild.egg.818,Wild.Clutch.251,ECC_20.2024.58,2024,Wetland,Scotland,Inverness ('Highland'),['Highland'],-4.661,57.5866,5,Hatched,Wild,Fertile,Hatched,1,Hatched,Hatched,46,Phase.4
Wild.egg.819,Wild.Clutch.251,ECC_20.2024.58,2024,Wetland,Scotland,Inverness ('Highland'),['Highland'],-4.661,57.5866,5,Hatched,Wild,Fertile,Hatched,1,Hatched,Hatched,46,Phase.4
Wild.egg.820,Wild.Clutch.251,ECC_20.2024.58,2024,Wetland,Scotland,Inverness ('Highland'),['Highland'],-4.661,57.5866,5,Hatched,Wild,Fertile,Hatched,1,Hatched,Hatched,46,Phase.4
Wild.egg.821,Wild.Clutch.252,ECC_20.2024.60,2024,Wetland,Scotland,Inverness ('Highland'),['Highland'],-4.661,57.5866,4,Hatched,Wild,Fertile,Hatched,1,Hatched,Hatched,46,Phase.4
Wild.egg.822,Wild.Clutch.252,ECC_20.2024.60,2024,Wetland,Scotland,Inverness ('Highland'),['Highland'],-4.661,57.5866,4,Hatched,Wild,Fertile,Hatched,1,Hatched,Hatched,46,Phase.4
Wild.egg.823,Wild.Clutch.252,ECC_20.2024.60,2024,Wetland,Scotland,Inverness ('Highland'),['Highland'],-4.661,57.5866,4,Hatched,Wild,Fertile,Hatched,1,Hatched,Hatched,46,Phase.4
Wild.egg.824,Wild.Clutch.252,ECC_20.2024.60,2024,Wetland,Scotland,Inverness ('Highland'),['Highland'],-4.661,57.5866,4,Hatched,Wild,Fertile,Hatched,1,Hatched,Hatched,46,Phase.4
Wild.egg.825,Wild.Clutch.253,ECC_20.2024.62,2024,Wetland,Scotland,Inverness ('Highland'),['Highland'],-4.661,57.5866,3,Hatched,Wild,Fertile,Hatched,1,Hatched,Hatched,46,Phase.4
Wild.egg.826,Wild.Clutch.253,ECC_20.2024.62,2024,Wetland,Scotland,Inverness ('Highland'),['Highland'],-4.661,57.5866,3,Hatched,Wild,Fertile,Hatched,1,Hatched,Hatched,46,Phase.4
Wild.egg.827,Wild.Clutch.253,ECC_20.2024.62,2024,Wetland,Scotland,Inverness ('Highland'),['Highland'],-4.661,57.5866,3,Hatched,Wild,Fertile,Hatched,1,Hatched,Hatched,46,Phase.4
Wild.egg.828,Wild.Clutch.254,ECC_20.2024.63,2024,Wetland,Scotland,Inverness ('Highland'),['Highland'],-4.661,57.5866,3,Failed,Wild,Fertile,Hatched,1,Hatched,Hatched,46,Phase.4
Wild.egg.829,Wild.Clutch.254,ECC_20.2024.63,2024,Wetland,Scotland,Inverness ('Highland'),['Highland'],-4.661,57.5866,3,Failed,Wild,Fertile,Unhatched,0,Failed,NA,NA,NA
Wild.egg.830,Wild.Clutch.254,ECC_20.2024.63,2024,Wetland,Scotland,Inverness ('Highland'),['Highland'],-4.661,57.5866,3,Failed,Wild,Fertile,Unhatched,0,Failed,NA,NA,NA
Wild.egg.831,Wild.Clutch.255,ECC_20.2024.65,2024,Wetland,Scotland,Inverness ('Highland'),['Highland'],-4.661,57.5866,4,Hatched,Wild,Fertile,Hatched,1,Hatched,Hatched,46,Phase.4
Wild.egg.832,Wild.Clutch.255,ECC_20.2024.65,2024,Wetland,Scotland,Inverness ('Highland'),['Highland'],-4.661,57.5866,4,Hatched,Wild,Fertile,Hatched,1,Hatched,Hatched,46,Phase.4
Wild.egg.833,Wild.Clutch.255,ECC_20.2024.65,2024,Wetland,Scotland,Inverness ('Highland'),['Highland'],-4.661,57.5866,4,Hatched,Wild,Fertile,Hatched,1,Hatched,Hatched,46,Phase.4
Wild.egg.834,Wild.Clutch.255,ECC_20.2024.65,2024,Wetland,Scotland,Inverness ('Highland'),['Highland'],-4.661,57.5866,4,Hatched,Wild,Fertile,Hatched,1,Hatched,Hatched,46,Phase.4
Wild.egg.835,Wild.Clutch.257,ECC_20.2024.67,2024,Wetland,Scotland,Inverness ('Highland'),['Highland'],-4.661,57.5866,4,Failed,Wild,Fertile,Hatched,1,Hatched,Hatched,46,Phase.4
Wild.egg.836,Wild.Clutch.257,ECC_20.2024.67,2024,Wetland,Scotland,Inverness ('Highland'),['Highland'],-4.661,57.5866,4,Failed,Wild,Fertile,Hatched,1,Hatched,Hatched,46,Phase.4
Wild.egg.837,Wild.Clutch.257,ECC_20.2024.67,2024,Wetland,Scotland,Inverness ('Highland'),['Highland'],-4.661,57.5866,4,Failed,Wild,Fertile,Hatched,1,Hatched,Hatched,46,Phase.4
Wild.egg.838,Wild.Clutch.257,ECC_20.2024.67,2024,Wetland,Scotland,Inverness ('Highland'),['Highland'],-4.661,57.5866,4,Failed,Wild,Fertile,Unhatched,0,Failed,NA,NA,NA
Wild.egg.839,Wild.Clutch.258,ECC_20.2024.68,2024,Wetland,Scotland,Inverness ('Highland'),['Highland'],-4.661,57.5866,4,Hatched,Wild,Fertile,Hatched,1,Hatched,Hatched,46,Phase.4
Wild.egg.840,Wild.Clutch.258,ECC_20.2024.68,2024,Wetland,Scotland,Inverness ('Highland'),['Highland'],-4.661,57.5866,4,Hatched,Wild,Fertile,Hatched,1,Hatched,Hatched,46,Phase.4
Wild.egg.841,Wild.Clutch.258,ECC_20.2024.68,2024,Wetland,Scotland,Inverness ('Highland'),['Highland'],-4.661,57.5866,4,Hatched,Wild,Fertile,Hatched,1,Hatched,Hatched,46,Phase.4
Wild.egg.842,Wild.Clutch.258,ECC_20.2024.68,2024,Wetland,Scotland,Inverness ('Highland'),['Highland'],-4.661,57.5866,4,Hatched,Wild,Fertile,Hatched,1,Hatched,Hatched,46,Phase.4
Wild.egg.843,Wild.Clutch.259,ECC_20.2024.69,2024,Wetland,Scotland,Inverness ('Highland'),['Highland'],-4.661,57.5866,4,Failed,Wild,Fertile,Hatched,1,Hatched,Hatched,46,Phase.4
Wild.egg.844,Wild.Clutch.259,ECC_20.2024.69,2024,Wetland,Scotland,Inverness ('Highland'),['Highland'],-4.661,57.5866,4,Failed,Wild,Fertile,Hatched,1,Hatched,Hatched,46,Phase.4
Wild.egg.845,Wild.Clutch.259,ECC_20.2024.69,2024,Wetland,Scotland,Inverness ('Highland'),['Highland'],-4.661,57.5866,4,Failed,Wild,Fertile,Hatched,1,Hatched,Hatched,46,Phase.4
Wild.egg.846,Wild.Clutch.259,ECC_20.2024.69,2024,Wetland,Scotland,Inverness ('Highland'),['Highland'],-4.661,57.5866,4,Failed,Wild,Fertile,Unhatched,0,Failed,NA,NA,NA
Wild.egg.847,Wild.Clutch.260,ECC_20.2024.70,2024,Wetland,Scotland,Inverness ('Highland'),['Highland'],-4.661,57.5866,4,Predated,Wild,Fertile,Hatched,1,Hatched,Hatched,46,Phase.4
Wild.egg.848,Wild.Clutch.261,ECC_20.2024.71,2024,Wetland,Scotland,Inverness ('Highland'),['Highland'],-4.661,57.5866,2,Hatched,Wild,Fertile,Hatched,1,Hatched,Hatched,46,Phase.4
Wild.egg.849,Wild.Clutch.261,ECC_20.2024.71,2024,Wetland,Scotland,Inverness ('Highland'),['Highland'],-4.661,57.5866,2,Hatched,Wild,Fertile,Hatched,1,Hatched,Hatched,46,Phase.4
Wild.egg.850,Wild.Clutch.262,ECC_20.2024.72,2024,Wetland,Scotland,Inverness ('Highland'),['Highland'],-4.661,57.5866,4,Hatched,Wild,Fertile,Hatched,1,Hatched,Hatched,46,Phase.4
Wild.egg.851,Wild.Clutch.262,ECC_20.2024.72,2024,Wetland,Scotland,Inverness ('Highland'),['Highland'],-4.661,57.5866,4,Hatched,Wild,Fertile,Hatched,1,Hatched,Hatched,46,Phase.4
Wild.egg.852,Wild.Clutch.262,ECC_20.2024.72,2024,Wetland,Scotland,Inverness ('Highland'),['Highland'],-4.661,57.5866,4,Hatched,Wild,Fertile,Hatched,1,Hatched,Hatched,46,Phase.4
Wild.egg.853,Wild.Clutch.262,ECC_20.2024.72,2024,Wetland,Scotland,Inverness ('Highland'),['Highland'],-4.661,57.5866,4,Hatched,Wild,Fertile,Hatched,1,Hatched,Hatched,46,Phase.4
Wild.egg.854,Wild.Clutch.264,ECC_20.2024.74,2024,Wetland,Scotland,Inverness ('Highland'),['Highland'],-4.661,57.5866,4,Hatched,Wild,Fertile,Hatched,1,Hatched,Hatched,46,Phase.4
Wild.egg.855,Wild.Clutch.264,ECC_20.2024.74,2024,Wetland,Scotland,Inverness ('Highland'),['Highland'],-4.661,57.5866,4,Hatched,Wild,Fertile,Hatched,1,Hatched,Hatched,46,Phase.4
Wild.egg.856,Wild.Clutch.264,ECC_20.2024.74,2024,Wetland,Scotland,Inverness ('Highland'),['Highland'],-4.661,57.5866,4,Hatched,Wild,Fertile,Hatched,1,Hatched,Hatched,46,Phase.4
Wild.egg.857,Wild.Clutch.264,ECC_20.2024.74,2024,Wetland,Scotland,Inverness ('Highland'),['Highland'],-4.661,57.5866,4,Hatched,Wild,Fertile,Hatched,1,Hatched,Hatched,46,Phase.4
Wild.egg.858,Wild.Clutch.265,ECC_20.2024.76,2024,Wetland,Scotland,Inverness ('Highland'),['Highland'],-4.661,57.5866,4,Hatched,Wild,Fertile,Hatched,1,Hatched,Hatched,46,Phase.4
Wild.egg.859,Wild.Clutch.265,ECC_20.2024.76,2024,Wetland,Scotland,Inverness ('Highland'),['Highland'],-4.661,57.5866,4,Hatched,Wild,Fertile,Hatched,1,Hatched,Hatched,46,Phase.4
Wild.egg.860,Wild.Clutch.265,ECC_20.2024.76,2024,Wetland,Scotland,Inverness ('Highland'),['Highland'],-4.661,57.5866,4,Hatched,Wild,Fertile,Hatched,1,Hatched,Hatched,46,Phase.4
Wild.egg.861,Wild.Clutch.265,ECC_20.2024.76,2024,Wetland,Scotland,Inverness ('Highland'),['Highland'],-4.661,57.5866,4,Hatched,Wild,Fertile,Hatched,1,Hatched,Hatched,46,Phase.4
Wild.egg.862,Wild.Clutch.266,ECC_20.2024.77,2024,Wetland,Scotland,Inverness ('Highland'),['Highland'],-4.661,57.5866,4,Failed,Wild,Fertile,Hatched,1,Hatched,Hatched,46,Phase.4
Wild.egg.863,Wild.Clutch.266,ECC_20.2024.77,2024,Wetland,Scotland,Inverness ('Highland'),['Highland'],-4.661,57.5866,4,Failed,Wild,Fertile,Hatched,1,Hatched,Hatched,46,Phase.4
Wild.egg.864,Wild.Clutch.266,ECC_20.2024.77,2024,Wetland,Scotland,Inverness ('Highland'),['Highland'],-4.661,57.5866,4,Failed,Wild,Fertile,Unhatched,0,Failed,NA,NA,NA
Wild.egg.865,Wild.Clutch.266,ECC_20.2024.77,2024,Wetland,Scotland,Inverness ('Highland'),['Highland'],-4.661,57.5866,4,Failed,Wild,Fertile,Unhatched,0,Failed,NA,NA,NA
Wild.egg.866,Wild.Clutch.267,ECC_20.2024.78,2024,Wetland,Scotland,Inverness ('Highland'),['Highland'],-4.661,57.5866,4,Failed,Wild,Unknown,Unhatched,0,Failed,NA,NA,NA
Wild.egg.867,Wild.Clutch.267,ECC_20.2024.78,2024,Wetland,Scotland,Inverness ('Highland'),['Highland'],-4.661,57.5866,4,Failed,Wild,Unclear,Unhatched,0,Failed,Inconclusive,NA,NA
Wild.egg.868,Wild.Clutch.267,ECC_20.2024.78,2024,Wetland,Scotland,Inverness ('Highland'),['Highland'],-4.661,57.5866,4,Failed,Wild,Fertile,Hatched,1,Hatched,Hatched,46,Phase.4
Wild.egg.869,Wild.Clutch.267,ECC_20.2024.78,2024,Wetland,Scotland,Inverness ('Highland'),['Highland'],-4.661,57.5866,4,Failed,Wild,Fertile,Hatched,1,Hatched,Hatched,46,Phase.4
Wild.egg.870,Wild.Clutch.268,ECC_20.2024.79,2024,Wetland,Scotland,Inverness ('Highland'),['Highland'],-4.661,57.5866,4,Hatched,Wild,Fertile,Hatched,1,Hatched,Hatched,46,Phase.4
Wild.egg.871,Wild.Clutch.268,ECC_20.2024.79,2024,Wetland,Scotland,Inverness ('Highland'),['Highland'],-4.661,57.5866,4,Hatched,Wild,Fertile,Hatched,1,Hatched,Hatched,46,Phase.4
Wild.egg.872,Wild.Clutch.268,ECC_20.2024.79,2024,Wetland,Scotland,Inverness ('Highland'),['Highland'],-4.661,57.5866,4,Hatched,Wild,Fertile,Hatched,1,Hatched,Hatched,46,Phase.4
Wild.egg.873,Wild.Clutch.268,ECC_20.2024.79,2024,Wetland,Scotland,Inverness ('Highland'),['Highland'],-4.661,57.5866,4,Hatched,Wild,Fertile,Hatched,1,Hatched,Hatched,46,Phase.4
Wild.egg.874,Wild.Clutch.269,ECC_20.2024.82,2024,Wetland,Scotland,Inverness ('Highland'),['Highland'],-4.661,57.5866,3,Failed,Wild,Unknown,Unhatched,0,Failed,NA,NA,NA
Wild.egg.875,Wild.Clutch.269,ECC_20.2024.82,2024,Wetland,Scotland,Inverness ('Highland'),['Highland'],-4.661,57.5866,3,Failed,Wild,Fertile,Hatched,1,Hatched,Hatched,46,Phase.4
Wild.egg.876,Wild.Clutch.269,ECC_20.2024.82,2024,Wetland,Scotland,Inverness ('Highland'),['Highland'],-4.661,57.5866,3,Failed,Wild,Fertile,Hatched,1,Hatched,Hatched,46,Phase.4
Wild.egg.877,Wild.Clutch.270,ECC_20.2024.84,2024,Wetland,Scotland,Inverness ('Highland'),['Highland'],-4.661,57.5866,4,Hatched,Wild,Fertile,Hatched,1,Hatched,Hatched,46,Phase.4
Wild.egg.878,Wild.Clutch.270,ECC_20.2024.84,2024,Wetland,Scotland,Inverness ('Highland'),['Highland'],-4.661,57.5866,4,Hatched,Wild,Fertile,Hatched,1,Hatched,Hatched,46,Phase.4
Wild.egg.879,Wild.Clutch.270,ECC_20.2024.84,2024,Wetland,Scotland,Inverness ('Highland'),['Highland'],-4.661,57.5866,4,Hatched,Wild,Fertile,Hatched,1,Hatched,Hatched,46,Phase.4
Wild.egg.880,Wild.Clutch.270,ECC_20.2024.84,2024,Wetland,Scotland,Inverness ('Highland'),['Highland'],-4.661,57.5866,4,Hatched,Wild,Fertile,Hatched,1,Hatched,Hatched,46,Phase.4
Wild.egg.881,Wild.Clutch.273,ECC_20.2024.90,2024,Wetland,Scotland,Inverness ('Highland'),['Highland'],-4.661,57.5866,4,Hatched,Wild,Fertile,Hatched,1,Hatched,Hatched,46,Phase.4
Wild.egg.882,Wild.Clutch.273,ECC_20.2024.90,2024,Wetland,Scotland,Inverness ('Highland'),['Highland'],-4.661,57.5866,4,Hatched,Wild,Fertile,Hatched,1,Hatched,Hatched,46,Phase.4
Wild.egg.883,Wild.Clutch.273,ECC_20.2024.90,2024,Wetland,Scotland,Inverness ('Highland'),['Highland'],-4.661,57.5866,4,Hatched,Wild,Fertile,Hatched,1,Hatched,Hatched,46,Phase.4
Wild.egg.884,Wild.Clutch.273,ECC_20.2024.90,2024,Wetland,Scotland,Inverness ('Highland'),['Highland'],-4.661,57.5866,4,Hatched,Wild,Fertile,Hatched,1,Hatched,Hatched,46,Phase.4
Wild.abandoned.26,Wild.Clutch.275,ECC_23.2024.Rhos.Fach,2024,NA,England,Shropshire,['Shropshire'],-2.7367,52.6221,4,Abandoned,Wild,Fertile,Unhatched,0,Abandoned,~24,24,Phase.1
Wild.abandoned.27,Wild.Clutch.275,ECC_23.2024.Rhos.Fach,2024,NA,England,Shropshire,['Shropshire'],-2.7367,52.6221,4,Abandoned,Wild,Fertile,Unhatched,0,Abandoned,Early,NA,Phase.1
Wild.abandoned.28,Wild.Clutch.275,ECC_23.2024.Rhos.Fach,2024,NA,England,Shropshire,['Shropshire'],-2.7367,52.6221,4,Abandoned,Wild,Unknown,Unhatched,0,Abandoned,NA,NA,NA
Wild.abandoned.29,Wild.Clutch.275,ECC_23.2024.Rhos.Fach,2024,NA,England,Shropshire,['Shropshire'],-2.7367,52.6221,4,Abandoned,Wild,Unknown,Unhatched,0,Abandoned,NA,NA,NA
Wild.abandoned.30,Wild.Clutch.276,ECC_23.2024.SJ.Mast.Field,2024,Grassland,England,Shropshire,['Shropshire'],-2.7367,52.6221,3,Mixed,Wild,Fertile,Unhatched,0,Abandoned,Early,NA,Phase.1
Wild.egg.885,Wild.Clutch.278,ECC_23.2024.SJ254.317,2024,Grassland,England,Shropshire,['Shropshire'],-2.7367,52.6221,4,Failed,Wild,Fertile,Unhatched,0,Failed,~41,41,Phase.3
Wild.egg.886,Wild.Clutch.278,ECC_23.2024.SJ254.317,2024,Grassland,England,Shropshire,['Shropshire'],-2.7367,52.6221,4,Failed,Wild,Fertile,Unhatched,0,Failed,~36,36,Phase.3
Wild.egg.887,Wild.Clutch.278,ECC_23.2024.SJ254.317,2024,Grassland,England,Shropshire,['Shropshire'],-2.7367,52.6221,4,Failed,Wild,Fertile,Hatched,1,Hatched,Hatched,46,Phase.4
Wild.egg.888,Wild.Clutch.278,ECC_23.2024.SJ254.317,2024,Grassland,England,Shropshire,['Shropshire'],-2.7367,52.6221,4,Failed,Wild,Fertile,Hatched,1,Hatched,Hatched,46,Phase.4
Wild.egg.889,Wild.Clutch.280,ECC_23a.2024.E1,2024,Grassland,Wales,Powys,['Powys'],-3.4353,52.3486,3,Failed,Wild,Fertile,Unhatched,0,Failed,45,45,Phase.3
Wild.egg.890,Wild.Clutch.280,ECC_23a.2024.E1,2024,Grassland,Wales,Powys,['Powys'],-3.4353,52.3486,3,Failed,Wild,Fertile,Unhatched,0,Failed,~32,32,Phase.2
Wild.egg.891,Wild.Clutch.280,ECC_23a.2024.E1,2024,Grassland,Wales,Powys,['Powys'],-3.4353,52.3486,3,Failed,Wild,Fertile,Hatched,1,Hatched,Hatched,46,Phase.4
Wild.abandoned.31,Wild.Clutch.281,ECC_23a.2024.H1,2024,Grassland,England,Herefordshire,['Hertfordshire'],-2.7393,52.0816,3,Abandoned,Wild,Fertile,Unhatched,0,Abandoned,Early stages ,NA,Phase.1
Wild.abandoned.32,Wild.Clutch.281,ECC_23a.2024.H1,2024,Grassland,England,Herefordshire,['Hertfordshire'],-2.7393,52.0816,3,Abandoned,Wild,Fertile,Unhatched,0,Abandoned,Early stages ,NA,Phase.1
Wild.abandoned.33,Wild.Clutch.281,ECC_23a.2024.H1,2024,Grassland,England,Herefordshire,['Hertfordshire'],-2.7393,52.0816,3,Abandoned,Wild,Unclear,Unhatched,0,Abandoned,Inconclusive,NA,NA
Wild.egg.892,Wild.Clutch.282,ECC_24.2024.30,2024,Grassland,England,North Yorkshire,['North Yorkshire'],-1.5503,54.0937,4,Hatched,Wild,Fertile,Hatched,1,Hatched,Hatched,46,Phase.4
Wild.egg.893,Wild.Clutch.282,ECC_24.2024.30,2024,Grassland,England,North Yorkshire,['North Yorkshire'],-1.5503,54.0937,4,Hatched,Wild,Fertile,Hatched,1,Hatched,Hatched,46,Phase.4
Wild.egg.894,Wild.Clutch.282,ECC_24.2024.30,2024,Grassland,England,North Yorkshire,['North Yorkshire'],-1.5503,54.0937,4,Hatched,Wild,Fertile,Hatched,1,Hatched,Hatched,46,Phase.4
Wild.egg.895,Wild.Clutch.282,ECC_24.2024.30,2024,Grassland,England,North Yorkshire,['North Yorkshire'],-1.5503,54.0937,4,Hatched,Wild,Fertile,Hatched,1,Hatched,Hatched,46,Phase.4
Wild.egg.896,Wild.Clutch.283,ECC_24.2024.33.LNG.First,2024,Grassland,England,North Yorkshire,['North Yorkshire'],-1.5503,54.0937,4,Hatched,Wild,Fertile,Hatched,1,Hatched,Hatched,46,Phase.4
Wild.egg.897,Wild.Clutch.283,ECC_24.2024.33.LNG.First,2024,Grassland,England,North Yorkshire,['North Yorkshire'],-1.5503,54.0937,4,Hatched,Wild,Fertile,Hatched,1,Hatched,Hatched,46,Phase.4
Wild.egg.898,Wild.Clutch.283,ECC_24.2024.33.LNG.First,2024,Grassland,England,North Yorkshire,['North Yorkshire'],-1.5503,54.0937,4,Hatched,Wild,Fertile,Hatched,1,Hatched,Hatched,46,Phase.4
Wild.egg.899,Wild.Clutch.283,ECC_24.2024.33.LNG.First,2024,Grassland,England,North Yorkshire,['North Yorkshire'],-1.5503,54.0937,4,Hatched,Wild,Fertile,Hatched,1,Hatched,Hatched,46,Phase.4
Wild.egg.900,Wild.Clutch.284,ECC_24.2024.36.My.Cane.Nest,2024,Grassland,England,North Yorkshire,['North Yorkshire'],-1.5503,54.0937,4,Hatched,Wild,Fertile,Hatched,1,Hatched,Hatched,46,Phase.4
Wild.egg.901,Wild.Clutch.284,ECC_24.2024.36.My.Cane.Nest,2024,Grassland,England,North Yorkshire,['North Yorkshire'],-1.5503,54.0937,4,Hatched,Wild,Fertile,Hatched,1,Hatched,Hatched,46,Phase.4
Wild.egg.902,Wild.Clutch.284,ECC_24.2024.36.My.Cane.Nest,2024,Grassland,England,North Yorkshire,['North Yorkshire'],-1.5503,54.0937,4,Hatched,Wild,Fertile,Hatched,1,Hatched,Hatched,46,Phase.4
Wild.egg.903,Wild.Clutch.284,ECC_24.2024.36.My.Cane.Nest,2024,Grassland,England,North Yorkshire,['North Yorkshire'],-1.5503,54.0937,4,Hatched,Wild,Fertile,Hatched,1,Hatched,Hatched,46,Phase.4
Wild.egg.904,Wild.Clutch.285,ECC_24.2024.39.Pheasant.Bopper,2024,Grassland,England,North Yorkshire,['North Yorkshire'],-1.5503,54.0937,4,Failed,Wild,Fertile,Unhatched,0,Failed,~20-24,22,Phase.1
Wild.egg.905,Wild.Clutch.285,ECC_24.2024.39.Pheasant.Bopper,2024,Grassland,England,North Yorkshire,['North Yorkshire'],-1.5503,54.0937,4,Failed,Wild,Fertile,Hatched,1,Hatched,Hatched,46,Phase.4
Wild.egg.906,Wild.Clutch.285,ECC_24.2024.39.Pheasant.Bopper,2024,Grassland,England,North Yorkshire,['North Yorkshire'],-1.5503,54.0937,4,Failed,Wild,Fertile,Hatched,1,Hatched,Hatched,46,Phase.4
Wild.egg.907,Wild.Clutch.285,ECC_24.2024.39.Pheasant.Bopper,2024,Grassland,England,North Yorkshire,['North Yorkshire'],-1.5503,54.0937,4,Failed,Wild,Fertile,Hatched,1,Hatched,Hatched,46,Phase.4
Wild.egg.908,Wild.Clutch.286,ECC_24.2024.40.Rookery,2024,Grassland,England,North Yorkshire,['North Yorkshire'],-1.5503,54.0937,4,Hatched,Wild,Fertile,Hatched,1,Hatched,Hatched,46,Phase.4
Wild.egg.909,Wild.Clutch.286,ECC_24.2024.40.Rookery,2024,Grassland,England,North Yorkshire,['North Yorkshire'],-1.5503,54.0937,4,Hatched,Wild,Fertile,Hatched,1,Hatched,Hatched,46,Phase.4
Wild.egg.910,Wild.Clutch.286,ECC_24.2024.40.Rookery,2024,Grassland,England,North Yorkshire,['North Yorkshire'],-1.5503,54.0937,4,Hatched,Wild,Fertile,Hatched,1,Hatched,Hatched,46,Phase.4
Wild.egg.911,Wild.Clutch.286,ECC_24.2024.40.Rookery,2024,Grassland,England,North Yorkshire,['North Yorkshire'],-1.5503,54.0937,4,Hatched,Wild,Fertile,Hatched,1,Hatched,Hatched,46,Phase.4
Wild.egg.912,Wild.Clutch.287,ECC_24.2024.41,2024,Grassland,England,North Yorkshire,['North Yorkshire'],-1.5503,54.0937,4,Hatched,Wild,Fertile,Hatched,1,Hatched,Hatched,46,Phase.4
Wild.egg.913,Wild.Clutch.287,ECC_24.2024.41,2024,Grassland,England,North Yorkshire,['North Yorkshire'],-1.5503,54.0937,4,Hatched,Wild,Fertile,Hatched,1,Hatched,Hatched,46,Phase.4
Wild.egg.914,Wild.Clutch.287,ECC_24.2024.41,2024,Grassland,England,North Yorkshire,['North Yorkshire'],-1.5503,54.0937,4,Hatched,Wild,Fertile,Hatched,1,Hatched,Hatched,46,Phase.4
Wild.egg.915,Wild.Clutch.287,ECC_24.2024.41,2024,Grassland,England,North Yorkshire,['North Yorkshire'],-1.5503,54.0937,4,Hatched,Wild,Fertile,Hatched,1,Hatched,Hatched,46,Phase.4
Wild.abandoned.34,Wild.Clutch.288,ECC_24.2024.43,2024,Grassland,England,North Yorkshire,['North Yorkshire'],-1.5503,54.0937,4,Abandoned,Wild,Fertile,Unhatched,0,Abandoned,~41 ,41,Phase.3
Wild.abandoned.35,Wild.Clutch.288,ECC_24.2024.43,2024,Grassland,England,North Yorkshire,['North Yorkshire'],-1.5503,54.0937,4,Abandoned,Wild,Fertile,Unhatched,0,Abandoned,45,45,Phase.3
Wild.abandoned.36,Wild.Clutch.288,ECC_24.2024.43,2024,Grassland,England,North Yorkshire,['North Yorkshire'],-1.5503,54.0937,4,Abandoned,Wild,Fertile,Unhatched,0,Abandoned,~40,40,Phase.3
Wild.egg.916,Wild.Clutch.288,ECC_24.2024.43,2024,Grassland,England,North Yorkshire,['North Yorkshire'],-1.5503,54.0937,4,Abandoned,Wild,Fertile,Hatched,1,Hatched,Hatched,46,Phase.4
Wild.abandoned.37,Wild.Clutch.289,ECC_24.2024.44,2024,Grassland,England,North Yorkshire,['North Yorkshire'],-1.5503,54.0937,4,Mixed,Wild,Fertile,Unhatched,0,Abandoned,~36-37,36.5,Phase.3
Wild.abandoned.38,Wild.Clutch.289,ECC_24.2024.44,2024,Grassland,England,North Yorkshire,['North Yorkshire'],-1.5503,54.0937,4,Mixed,Wild,Fertile,Unhatched,0,Abandoned,~36-37,36.5,Phase.3
Wild.abandoned.39,Wild.Clutch.289,ECC_24.2024.44,2024,Grassland,England,North Yorkshire,['North Yorkshire'],-1.5503,54.0937,4,Mixed,Wild,Fertile,Unhatched,0,Abandoned,Likely <10,5.5,Phase.1
Wild.abandoned.40,Wild.Clutch.290,ECC_24.2024.46,2024,Grassland,England,North Yorkshire,['North Yorkshire'],-1.5503,54.0937,4,Abandoned,Wild,Fertile,Unhatched,0,Abandoned,35,35,Phase.3
Wild.abandoned.41,Wild.Clutch.290,ECC_24.2024.46,2024,Grassland,England,North Yorkshire,['North Yorkshire'],-1.5503,54.0937,4,Abandoned,Wild,Fertile,Unhatched,0,Abandoned,~36,36,Phase.3
Wild.abandoned.42,Wild.Clutch.290,ECC_24.2024.46,2024,Grassland,England,North Yorkshire,['North Yorkshire'],-1.5503,54.0937,4,Abandoned,Wild,Fertile,Unhatched,0,Abandoned,35,35,Phase.3
Wild.abandoned.43,Wild.Clutch.290,ECC_24.2024.46,2024,Grassland,England,North Yorkshire,['North Yorkshire'],-1.5503,54.0937,4,Abandoned,Wild,Fertile,Unhatched,0,Abandoned,35,35,Phase.3
Wild.egg.917,Wild.Clutch.291,ECC_24.2024.49.Entrance,2024,Grassland,England,North Yorkshire,['North Yorkshire'],-1.5503,54.0937,4,Predated,Wild,Fertile,Hatched,1,Hatched,Hatched,46,Phase.4
Wild.egg.918,Wild.Clutch.291,ECC_24.2024.49.Entrance,2024,Grassland,England,North Yorkshire,['North Yorkshire'],-1.5503,54.0937,4,Predated,Wild,Fertile,Hatched,1,Hatched,Hatched,46,Phase.4
Wild.egg.919,Wild.Clutch.292,ECC_24.2024.51.Back.Rush,2024,NA,England,North Yorkshire,['North Yorkshire'],-1.5503,54.0937,4,Failed,Wild,Fertile,Unhatched,0,Failed,Likely early stage (<10),5.5,Phase.1
Wild.egg.920,Wild.Clutch.292,ECC_24.2024.51.Back.Rush,2024,NA,England,North Yorkshire,['North Yorkshire'],-1.5503,54.0937,4,Failed,Wild,Fertile,Hatched,1,Hatched,Hatched,46,Phase.4
Wild.egg.921,Wild.Clutch.292,ECC_24.2024.51.Back.Rush,2024,NA,England,North Yorkshire,['North Yorkshire'],-1.5503,54.0937,4,Failed,Wild,Fertile,Hatched,1,Hatched,Hatched,46,Phase.4
Wild.egg.922,Wild.Clutch.292,ECC_24.2024.51.Back.Rush,2024,NA,England,North Yorkshire,['North Yorkshire'],-1.5503,54.0937,4,Failed,Wild,Fertile,Hatched,1,Hatched,Hatched,46,Phase.4
Wild.egg.923,Wild.Clutch.293,ECC_24.2024.52.Mole.Meadow,2024,Grassland,England,North Yorkshire,['North Yorkshire'],-1.5503,54.0937,3,Hatched,Wild,Fertile,Hatched,1,Hatched,Hatched,46,Phase.4
Wild.egg.924,Wild.Clutch.293,ECC_24.2024.52.Mole.Meadow,2024,Grassland,England,North Yorkshire,['North Yorkshire'],-1.5503,54.0937,3,Hatched,Wild,Fertile,Hatched,1,Hatched,Hatched,46,Phase.4
Wild.egg.925,Wild.Clutch.293,ECC_24.2024.52.Mole.Meadow,2024,Grassland,England,North Yorkshire,['North Yorkshire'],-1.5503,54.0937,3,Hatched,Wild,Fertile,Hatched,1,Hatched,Hatched,46,Phase.4
Wild.egg.926,Wild.Clutch.294,ECC_24.2024.53.Carrot,2024,Mixed,England,North Yorkshire,['North Yorkshire'],-1.5503,54.0937,4,Hatched,Wild,Fertile,Hatched,1,Hatched,Hatched,46,Phase.4
Wild.egg.927,Wild.Clutch.294,ECC_24.2024.53.Carrot,2024,Mixed,England,North Yorkshire,['North Yorkshire'],-1.5503,54.0937,4,Hatched,Wild,Fertile,Hatched,1,Hatched,Hatched,46,Phase.4
Wild.egg.928,Wild.Clutch.294,ECC_24.2024.53.Carrot,2024,Mixed,England,North Yorkshire,['North Yorkshire'],-1.5503,54.0937,4,Hatched,Wild,Fertile,Hatched,1,Hatched,Hatched,46,Phase.4
Wild.egg.929,Wild.Clutch.294,ECC_24.2024.53.Carrot,2024,Mixed,England,North Yorkshire,['North Yorkshire'],-1.5503,54.0937,4,Hatched,Wild,Fertile,Hatched,1,Hatched,Hatched,46,Phase.4
Wild.egg.930,Wild.Clutch.295,ECC_24.2024.54.Ling.High,2024,Grassland,England,North Yorkshire,['North Yorkshire'],-1.5503,54.0937,3,Failed,Wild,Fertile,Unhatched,0,Failed,40,40,Phase.3
Wild.egg.931,Wild.Clutch.295,ECC_24.2024.54.Ling.High,2024,Grassland,England,North Yorkshire,['North Yorkshire'],-1.5503,54.0937,3,Failed,Wild,Fertile,Unhatched,0,Failed,Late 20s,NA,Phase.2
Wild.egg.932,Wild.Clutch.295,ECC_24.2024.54.Ling.High,2024,Grassland,England,North Yorkshire,['North Yorkshire'],-1.5503,54.0937,3,Failed,Wild,Fertile,Hatched,1,Hatched,Hatched,46,Phase.4
Wild.egg.933,Wild.Clutch.296,ECC_24.2024.55.Ling.Low,2024,Grassland,England,North Yorkshire,['North Yorkshire'],-1.5503,54.0937,4,Hatched,Wild,Fertile,Hatched,1,Hatched,Hatched,46,Phase.4
Wild.egg.934,Wild.Clutch.296,ECC_24.2024.55.Ling.Low,2024,Grassland,England,North Yorkshire,['North Yorkshire'],-1.5503,54.0937,4,Hatched,Wild,Fertile,Hatched,1,Hatched,Hatched,46,Phase.4
Wild.egg.935,Wild.Clutch.296,ECC_24.2024.55.Ling.Low,2024,Grassland,England,North Yorkshire,['North Yorkshire'],-1.5503,54.0937,4,Hatched,Wild,Fertile,Hatched,1,Hatched,Hatched,46,Phase.4
Wild.egg.936,Wild.Clutch.296,ECC_24.2024.55.Ling.Low,2024,Grassland,England,North Yorkshire,['North Yorkshire'],-1.5503,54.0937,4,Hatched,Wild,Fertile,Hatched,1,Hatched,Hatched,46,Phase.4
Wild.egg.937,Wild.Clutch.297,ECC_24.2024.56.Limpy,2024,Grassland,England,North Yorkshire,['North Yorkshire'],-1.5503,54.0937,4,Failed,Wild,Unclear,Unhatched,0,Failed,Unclear fertility status,NA,NA
Wild.egg.938,Wild.Clutch.297,ECC_24.2024.56.Limpy,2024,Grassland,England,North Yorkshire,['North Yorkshire'],-1.5503,54.0937,4,Failed,Wild,Fertile,Hatched,1,Hatched,Hatched,46,Phase.4
Wild.egg.939,Wild.Clutch.297,ECC_24.2024.56.Limpy,2024,Grassland,England,North Yorkshire,['North Yorkshire'],-1.5503,54.0937,4,Failed,Wild,Fertile,Hatched,1,Hatched,Hatched,46,Phase.4
Wild.egg.940,Wild.Clutch.297,ECC_24.2024.56.Limpy,2024,Grassland,England,North Yorkshire,['North Yorkshire'],-1.5503,54.0937,4,Failed,Wild,Fertile,Hatched,1,Hatched,Hatched,46,Phase.4
Wild.egg.941,Wild.Clutch.299,ECC_24.2024.58.17_Acre,2024,Grassland,England,North Yorkshire,['North Yorkshire'],-1.5503,54.0937,4,Failed,Wild,Fertile,Unhatched,0,Failed,36,36,Phase.3
Wild.egg.942,Wild.Clutch.299,ECC_24.2024.58.17_Acre,2024,Grassland,England,North Yorkshire,['North Yorkshire'],-1.5503,54.0937,4,Failed,Wild,Fertile,Unhatched,0,Failed,Early 30s (probably 32 but approx.),32,Phase.2
Wild.egg.943,Wild.Clutch.299,ECC_24.2024.58.17_Acre,2024,Grassland,England,North Yorkshire,['North Yorkshire'],-1.5503,54.0937,4,Failed,Wild,Fertile,Unhatched,0,Failed,~37,37,Phase.3
Wild.egg.944,Wild.Clutch.299,ECC_24.2024.58.17_Acre,2024,Grassland,England,North Yorkshire,['North Yorkshire'],-1.5503,54.0937,4,Failed,Wild,Fertile,Unhatched,0,Failed,~36,36,Phase.3
Wild.egg.945,Wild.Clutch.300,ECC_24.2024.59_5.Egg,2024,Grassland,England,North Yorkshire,['North Yorkshire'],-1.5503,54.0937,5,Hatched,Wild,Fertile,Hatched,1,Hatched,Hatched,46,Phase.4
Wild.egg.946,Wild.Clutch.300,ECC_24.2024.59_5.Egg,2024,Grassland,England,North Yorkshire,['North Yorkshire'],-1.5503,54.0937,5,Hatched,Wild,Fertile,Hatched,1,Hatched,Hatched,46,Phase.4
Wild.egg.947,Wild.Clutch.300,ECC_24.2024.59_5.Egg,2024,Grassland,England,North Yorkshire,['North Yorkshire'],-1.5503,54.0937,5,Hatched,Wild,Fertile,Hatched,1,Hatched,Hatched,46,Phase.4
Wild.egg.948,Wild.Clutch.300,ECC_24.2024.59_5.Egg,2024,Grassland,England,North Yorkshire,['North Yorkshire'],-1.5503,54.0937,5,Hatched,Wild,Fertile,Hatched,1,Hatched,Hatched,46,Phase.4
Wild.egg.949,Wild.Clutch.300,ECC_24.2024.59_5.Egg,2024,Grassland,England,North Yorkshire,['North Yorkshire'],-1.5503,54.0937,5,Hatched,Wild,Fertile,Hatched,1,Hatched,Hatched,46,Phase.4
Wild.egg.950,Wild.Clutch.301,ECC_24.2024.60.Colin,2024,Grassland,England,North Yorkshire,['North Yorkshire'],-1.5503,54.0937,4,Hatched,Wild,Fertile,Hatched,1,Hatched,Hatched,46,Phase.4
Wild.egg.951,Wild.Clutch.301,ECC_24.2024.60.Colin,2024,Grassland,England,North Yorkshire,['North Yorkshire'],-1.5503,54.0937,4,Hatched,Wild,Fertile,Hatched,1,Hatched,Hatched,46,Phase.4
Wild.egg.952,Wild.Clutch.301,ECC_24.2024.60.Colin,2024,Grassland,England,North Yorkshire,['North Yorkshire'],-1.5503,54.0937,4,Hatched,Wild,Fertile,Hatched,1,Hatched,Hatched,46,Phase.4
Wild.egg.953,Wild.Clutch.301,ECC_24.2024.60.Colin,2024,Grassland,England,North Yorkshire,['North Yorkshire'],-1.5503,54.0937,4,Hatched,Wild,Fertile,Hatched,1,Hatched,Hatched,46,Phase.4
Wild.egg.954,Wild.Clutch.303,ECC_25.2024.100.Acre.Central,2024,Wetland,England,Oxfordshire,['Oxfordshire'],-1.2915,51.7716,4,Hatched,Wild,Fertile,Hatched,1,Hatched,Hatched,46,Phase.4
Wild.egg.955,Wild.Clutch.303,ECC_25.2024.100.Acre.Central,2024,Wetland,England,Oxfordshire,['Oxfordshire'],-1.2915,51.7716,4,Hatched,Wild,Fertile,Hatched,1,Hatched,Hatched,46,Phase.4
Wild.egg.956,Wild.Clutch.303,ECC_25.2024.100.Acre.Central,2024,Wetland,England,Oxfordshire,['Oxfordshire'],-1.2915,51.7716,4,Hatched,Wild,Fertile,Hatched,1,Hatched,Hatched,46,Phase.4
Wild.egg.957,Wild.Clutch.303,ECC_25.2024.100.Acre.Central,2024,Wetland,England,Oxfordshire,['Oxfordshire'],-1.2915,51.7716,4,Hatched,Wild,Fertile,Hatched,1,Hatched,Hatched,46,Phase.4
Wild.egg.958,Wild.Clutch.304,ECC_25.2024.100.Acre.SE,2024,Wetland,England,Oxfordshire,['Oxfordshire'],-1.2915,51.7716,4,Failed,Wild,Fertile,Unhatched,0,Failed,~36-37,36.5,Phase.3
Wild.egg.959,Wild.Clutch.304,ECC_25.2024.100.Acre.SE,2024,Wetland,England,Oxfordshire,['Oxfordshire'],-1.2915,51.7716,4,Failed,Wild,Fertile,Hatched,1,Hatched,Hatched,46,Phase.4
Wild.egg.960,Wild.Clutch.304,ECC_25.2024.100.Acre.SE,2024,Wetland,England,Oxfordshire,['Oxfordshire'],-1.2915,51.7716,4,Failed,Wild,Fertile,Hatched,1,Hatched,Hatched,46,Phase.4
Wild.egg.961,Wild.Clutch.304,ECC_25.2024.100.Acre.SE,2024,Wetland,England,Oxfordshire,['Oxfordshire'],-1.2915,51.7716,4,Failed,Wild,Fertile,Hatched,1,Hatched,Hatched,46,Phase.4
Wild.egg.962,Wild.Clutch.306,ECC_25.2024.Closes,2024,Wetland,England,Oxfordshire,['Oxfordshire'],-1.2915,51.7716,4,Mixed,Wild,Fertile,Unhatched,0,Failed,~42,42,Phase.3
Wild.egg.963,Wild.Clutch.306,ECC_25.2024.Closes,2024,Wetland,England,Oxfordshire,['Oxfordshire'],-1.2915,51.7716,4,Mixed,Wild,Fertile,Hatched,1,Hatched,Hatched,46,Phase.4
Wild.egg.964,Wild.Clutch.306,ECC_25.2024.Closes,2024,Wetland,England,Oxfordshire,['Oxfordshire'],-1.2915,51.7716,4,Mixed,Wild,Fertile,Hatched,1,Hatched,Hatched,46,Phase.4
Wild.egg.965,Wild.Clutch.309,ECC_25.2024.Park.Meadow,2024,Grassland,England,Oxfordshire,['Oxfordshire'],-1.2915,51.7716,4,Hatched,Wild,Fertile,Hatched,1,Hatched,Hatched,46,Phase.4
Wild.egg.966,Wild.Clutch.309,ECC_25.2024.Park.Meadow,2024,Grassland,England,Oxfordshire,['Oxfordshire'],-1.2915,51.7716,4,Hatched,Wild,Fertile,Hatched,1,Hatched,Hatched,46,Phase.4
Wild.egg.967,Wild.Clutch.309,ECC_25.2024.Park.Meadow,2024,Grassland,England,Oxfordshire,['Oxfordshire'],-1.2915,51.7716,4,Hatched,Wild,Fertile,Hatched,1,Hatched,Hatched,46,Phase.4
Wild.egg.968,Wild.Clutch.309,ECC_25.2024.Park.Meadow,2024,Grassland,England,Oxfordshire,['Oxfordshire'],-1.2915,51.7716,4,Hatched,Wild,Fertile,Hatched,1,Hatched,Hatched,46,Phase.4
Wild.egg.969,Wild.Clutch.310,ECC_25.2024.Viola.Meadow,2024,Grassland,England,Oxfordshire,['Oxfordshire'],-1.2915,51.7716,4,Hatched,Wild,Fertile,Hatched,1,Hatched,Hatched,46,Phase.4
Wild.egg.970,Wild.Clutch.310,ECC_25.2024.Viola.Meadow,2024,Grassland,England,Oxfordshire,['Oxfordshire'],-1.2915,51.7716,4,Hatched,Wild,Fertile,Hatched,1,Hatched,Hatched,46,Phase.4
Wild.egg.971,Wild.Clutch.310,ECC_25.2024.Viola.Meadow,2024,Grassland,England,Oxfordshire,['Oxfordshire'],-1.2915,51.7716,4,Hatched,Wild,Fertile,Hatched,1,Hatched,Hatched,46,Phase.4
Wild.egg.972,Wild.Clutch.310,ECC_25.2024.Viola.Meadow,2024,Grassland,England,Oxfordshire,['Oxfordshire'],-1.2915,51.7716,4,Hatched,Wild,Fertile,Hatched,1,Hatched,Hatched,46,Phase.4
Wild.egg.973,Wild.Clutch.314,ECC_26.2024.BOS.6.2,2024,Grassland,England,NA,NA,NA,NA,4,Failed,Wild,Fertile,Hatched,1,Hatched,Hatched,46,Phase.4
Wild.egg.974,Wild.Clutch.314,ECC_26.2024.BOS.6.2,2024,Grassland,England,NA,NA,NA,NA,4,Failed,Wild,Fertile,Hatched,1,Hatched,Hatched,46,Phase.4
Wild.egg.975,Wild.Clutch.314,ECC_26.2024.BOS.6.2,2024,Grassland,England,NA,NA,NA,NA,4,Failed,Wild,Fertile,Hatched,1,Hatched,Hatched,46,Phase.4
Wild.egg.976,Wild.Clutch.314,ECC_26.2024.BOS.6.2,2024,Grassland,England,NA,NA,NA,NA,4,Failed,Wild,Unknown,Unhatched,0,Failed,NA,NA,NA
Wild.egg.977,Wild.Clutch.316,ECC_27.2024.Moor.Farm,2024,NA,England,North Yorkshire,['North Yorkshire'],-1.5503,54.0937,4,Hatched,Wild,Fertile,Hatched,1,Hatched,Hatched,46,Phase.4
Wild.egg.978,Wild.Clutch.316,ECC_27.2024.Moor.Farm,2024,NA,England,North Yorkshire,['North Yorkshire'],-1.5503,54.0937,4,Hatched,Wild,Fertile,Hatched,1,Hatched,Hatched,46,Phase.4
Wild.egg.979,Wild.Clutch.316,ECC_27.2024.Moor.Farm,2024,NA,England,North Yorkshire,['North Yorkshire'],-1.5503,54.0937,4,Hatched,Wild,Fertile,Hatched,1,Hatched,Hatched,46,Phase.4
Wild.egg.980,Wild.Clutch.316,ECC_27.2024.Moor.Farm,2024,NA,England,North Yorkshire,['North Yorkshire'],-1.5503,54.0937,4,Hatched,Wild,Fertile,Hatched,1,Hatched,Hatched,46,Phase.4
Wild.egg.981,Wild.Clutch.317,ECC_27.2024.Nest.2.Res.Field,2024,NA,England,North Yorkshire,['North Yorkshire'],-1.5503,54.0937,4,Mixed,Wild,Fertile,Unhatched,0,Failed,Mid stage in HH30s (very approx),NA,NA
Wild.egg.982,Wild.Clutch.317,ECC_27.2024.Nest.2.Res.Field,2024,NA,England,North Yorkshire,['North Yorkshire'],-1.5503,54.0937,4,Mixed,Wild,Fertile,Hatched,1,Hatched,Hatched,46,Phase.4
Wild.egg.983,Wild.Clutch.317,ECC_27.2024.Nest.2.Res.Field,2024,NA,England,North Yorkshire,['North Yorkshire'],-1.5503,54.0937,4,Mixed,Wild,Fertile,Hatched,1,Hatched,Hatched,46,Phase.4
Wild.abandoned.44,Wild.Clutch.318,ECC_28.2024.Abercynnig,2024,Grassland,Wales,NA,NA,NA,NA,4,Abandoned,Wild,Fertile,Unhatched,0,Abandoned,~38-39,38.5,Phase.3
Wild.abandoned.45,Wild.Clutch.318,ECC_28.2024.Abercynnig,2024,Grassland,Wales,NA,NA,NA,NA,4,Abandoned,Wild,Fertile,Unhatched,0,Abandoned,Early stage,NA,Phase.1
Wild.abandoned.46,Wild.Clutch.318,ECC_28.2024.Abercynnig,2024,Grassland,Wales,NA,NA,NA,NA,4,Abandoned,Wild,Unclear,Unhatched,0,Abandoned,Inconclusive,NA,NA
Wild.abandoned.47,Wild.Clutch.318,ECC_28.2024.Abercynnig,2024,Grassland,Wales,NA,NA,NA,NA,4,Abandoned,Wild,Fertile,Unhatched,0,Abandoned,~41-42,41.5,Phase.3
Wild.abandoned.48,Wild.Clutch.319,ECC_28.2024.Greig.Lodge.Farm,2024,Grassland,Wales,Monmouthshire,['Monmouthshire'],-2.9028,51.7783,4,Abandoned,Wild,Fertile,Unhatched,0,Abandoned,~36,36,Phase.3
Wild.abandoned.49,Wild.Clutch.319,ECC_28.2024.Greig.Lodge.Farm,2024,Grassland,Wales,Monmouthshire,['Monmouthshire'],-2.9028,51.7783,4,Abandoned,Wild,Fertile,Unhatched,0,Abandoned,~36,36,Phase.3
Wild.abandoned.50,Wild.Clutch.319,ECC_28.2024.Greig.Lodge.Farm,2024,Grassland,Wales,Monmouthshire,['Monmouthshire'],-2.9028,51.7783,4,Abandoned,Wild,Fertile,Unhatched,0,Abandoned,~35,35,Phase.3
Wild.abandoned.51,Wild.Clutch.319,ECC_28.2024.Greig.Lodge.Farm,2024,Grassland,Wales,Monmouthshire,['Monmouthshire'],-2.9028,51.7783,4,Abandoned,Wild,Fertile,Unhatched,0,Abandoned,Likely early (<10),5.5,Phase.1
Wild.abandoned.52,Wild.Clutch.320,ECC_28.2024.Llanfihangel,2024,Grassland,Wales,NA,NA,NA,NA,3,Abandoned,Wild,Unknown,Unhatched,0,Abandoned,NA,NA,NA
Wild.abandoned.53,Wild.Clutch.320,ECC_28.2024.Llanfihangel,2024,Grassland,Wales,NA,NA,NA,NA,3,Abandoned,Wild,Unknown,Unhatched,0,Abandoned,NA,NA,NA
Wild.abandoned.54,Wild.Clutch.320,ECC_28.2024.Llanfihangel,2024,Grassland,Wales,NA,NA,NA,NA,3,Abandoned,Wild,Unknown,Unhatched,0,Abandoned,NA,NA,NA
Wild.egg.984,Wild.Clutch.321,ECC_28.2024.Pencelli,2024,Arable,Wales,NA,NA,NA,NA,4,Hatched,Wild,Fertile,Hatched,1,Hatched,Hatched,46,Phase.4
Wild.egg.985,Wild.Clutch.321,ECC_28.2024.Pencelli,2024,Arable,Wales,NA,NA,NA,NA,4,Hatched,Wild,Fertile,Hatched,1,Hatched,Hatched,46,Phase.4
Wild.egg.986,Wild.Clutch.321,ECC_28.2024.Pencelli,2024,Arable,Wales,NA,NA,NA,NA,4,Hatched,Wild,Fertile,Hatched,1,Hatched,Hatched,46,Phase.4
Wild.egg.987,Wild.Clutch.321,ECC_28.2024.Pencelli,2024,Arable,Wales,NA,NA,NA,NA,4,Hatched,Wild,Fertile,Hatched,1,Hatched,Hatched,46,Phase.4
Wild.egg.988,Wild.Clutch.322,ECC_29.2024.Newton,2024,NA,England,Cumbria,['Cumbria'],-2.9021,54.6364,4,Failed,Wild,Fertile,Unhatched,0,Failed,36,36,Phase.3
Wild.egg.989,Wild.Clutch.322,ECC_29.2024.Newton,2024,NA,England,Cumbria,['Cumbria'],-2.9021,54.6364,4,Failed,Wild,Fertile,Hatched,1,Hatched,Hatched,46,Phase.4
Wild.egg.990,Wild.Clutch.322,ECC_29.2024.Newton,2024,NA,England,Cumbria,['Cumbria'],-2.9021,54.6364,4,Failed,Wild,Fertile,Hatched,1,Hatched,Hatched,46,Phase.4
Wild.egg.991,Wild.Clutch.322,ECC_29.2024.Newton,2024,NA,England,Cumbria,['Cumbria'],-2.9021,54.6364,4,Failed,Wild,Fertile,Hatched,1,Hatched,Hatched,46,Phase.4
Wild.egg.992,Wild.Clutch.323,ECC_29.2024.Southwalte2,2024,NA,England,Cumbria,['Cumbria'],-2.9021,54.6364,4,Hatched,Wild,Fertile,Hatched,1,Hatched,Hatched,46,Phase.4
Wild.egg.993,Wild.Clutch.323,ECC_29.2024.Southwalte2,2024,NA,England,Cumbria,['Cumbria'],-2.9021,54.6364,4,Hatched,Wild,Fertile,Hatched,1,Hatched,Hatched,46,Phase.4
Wild.egg.994,Wild.Clutch.323,ECC_29.2024.Southwalte2,2024,NA,England,Cumbria,['Cumbria'],-2.9021,54.6364,4,Hatched,Wild,Fertile,Hatched,1,Hatched,Hatched,46,Phase.4
Wild.egg.995,Wild.Clutch.323,ECC_29.2024.Southwalte2,2024,NA,England,Cumbria,['Cumbria'],-2.9021,54.6364,4,Hatched,Wild,Fertile,Hatched,1,Hatched,Hatched,46,Phase.4
Wild.abandoned.55,Wild.Clutch.324,ECC_3.2024.19,2024,Military,England,North Yorkshire,['North Yorkshire'],-1.5503,54.0937,2,Abandoned,Wild,Fertile,Unhatched,0,Abandoned,~25,25,Phase.2
Wild.abandoned.56,Wild.Clutch.324,ECC_3.2024.19,2024,Military,England,North Yorkshire,['North Yorkshire'],-1.5503,54.0937,2,Abandoned,Wild,Fertile,Unhatched,0,Abandoned,~21,21,Phase.1
Wild.egg.996,Wild.Clutch.325,ECC_30.2024.Elwyn,2024,Grassland,Wales,NA,NA,NA,NA,3,Mixed,Wild,Fertile,Unhatched,0,Failed,Early stage,NA,Phase.1
Wild.egg.997,Wild.Clutch.325,ECC_30.2024.Elwyn,2024,Grassland,Wales,NA,NA,NA,NA,3,Mixed,Wild,Fertile,Hatched,1,Hatched,Hatched,46,Phase.4
Wild.egg.998,Wild.Clutch.326,ECC_32.2024.CU1,2024,Grassland,Scotland,Aberdeenshire,['Aberdeenshire'],-2.7921,57.2347,4,Hatched,Wild,Fertile,Hatched,1,Hatched,Hatched,46,Phase.4
Wild.egg.999,Wild.Clutch.326,ECC_32.2024.CU1,2024,Grassland,Scotland,Aberdeenshire,['Aberdeenshire'],-2.7921,57.2347,4,Hatched,Wild,Fertile,Hatched,1,Hatched,Hatched,46,Phase.4
Wild.egg.1000,Wild.Clutch.326,ECC_32.2024.CU1,2024,Grassland,Scotland,Aberdeenshire,['Aberdeenshire'],-2.7921,57.2347,4,Hatched,Wild,Fertile,Hatched,1,Hatched,Hatched,46,Phase.4
Wild.egg.1001,Wild.Clutch.326,ECC_32.2024.CU1,2024,Grassland,Scotland,Aberdeenshire,['Aberdeenshire'],-2.7921,57.2347,4,Hatched,Wild,Fertile,Hatched,1,Hatched,Hatched,46,Phase.4
Wild.egg.1002,Wild.Clutch.327,ECC_32.2024.CU4,2024,Grassland,Scotland,Aberdeenshire,['Aberdeenshire'],-2.7921,57.2347,3,Hatched,Wild,Fertile,Hatched,1,Hatched,Hatched,46,Phase.4
Wild.egg.1003,Wild.Clutch.327,ECC_32.2024.CU4,2024,Grassland,Scotland,Aberdeenshire,['Aberdeenshire'],-2.7921,57.2347,3,Hatched,Wild,Fertile,Hatched,1,Hatched,Hatched,46,Phase.4
Wild.egg.1004,Wild.Clutch.327,ECC_32.2024.CU4,2024,Grassland,Scotland,Aberdeenshire,['Aberdeenshire'],-2.7921,57.2347,3,Hatched,Wild,Fertile,Hatched,1,Hatched,Hatched,46,Phase.4
Wild.abandoned.57,Wild.Clutch.328,ECC_33.2024.ATH.1.1,2024,Grassland,England,Shropshire,['Shropshire'],-2.7367,52.6221,3,Abandoned,Wild,Fertile,Unhatched,0,Abandoned,~37-38,37.5,Phase.3
Wild.abandoned.58,Wild.Clutch.328,ECC_33.2024.ATH.1.1,2024,Grassland,England,Shropshire,['Shropshire'],-2.7367,52.6221,3,Abandoned,Wild,Fertile,Unhatched,0,Abandoned,~34,34,Phase.3
Wild.abandoned.59,Wild.Clutch.328,ECC_33.2024.ATH.1.1,2024,Grassland,England,Shropshire,['Shropshire'],-2.7367,52.6221,3,Abandoned,Wild,Unknown,Unhatched,0,Abandoned,NA,NA,NA
Wild.egg.1005,Wild.Clutch.329,ECC_33.2024.BRF.1.1,2024,Grassland,England,Shropshire,['Shropshire'],-2.7367,52.6221,4,Failed,Wild,Fertile,Unhatched,0,Failed,43,43,Phase.3
Wild.egg.1006,Wild.Clutch.329,ECC_33.2024.BRF.1.1,2024,Grassland,England,Shropshire,['Shropshire'],-2.7367,52.6221,4,Failed,Wild,Fertile,Hatched,1,Hatched,Hatched,46,Phase.4
Wild.egg.1007,Wild.Clutch.329,ECC_33.2024.BRF.1.1,2024,Grassland,England,Shropshire,['Shropshire'],-2.7367,52.6221,4,Failed,Wild,Fertile,Hatched,1,Hatched,Hatched,46,Phase.4
Wild.egg.1008,Wild.Clutch.329,ECC_33.2024.BRF.1.1,2024,Grassland,England,Shropshire,['Shropshire'],-2.7367,52.6221,4,Failed,Wild,Fertile,Hatched,1,Hatched,Hatched,46,Phase.4
Wild.egg.1009,Wild.Clutch.330,ECC_33.2024.DNF.1.1,2024,Grassland,England,Shropshire,['Shropshire'],-2.7367,52.6221,4,Failed,Wild,Fertile,Unhatched,0,Failed,~34-35,34.5,Phase.3
Wild.egg.1010,Wild.Clutch.330,ECC_33.2024.DNF.1.1,2024,Grassland,England,Shropshire,['Shropshire'],-2.7367,52.6221,4,Failed,Wild,Unknown,Unhatched,0,Failed,Unknown,NA,NA
Wild.egg.1011,Wild.Clutch.330,ECC_33.2024.DNF.1.1,2024,Grassland,England,Shropshire,['Shropshire'],-2.7367,52.6221,4,Failed,Wild,Fertile,Hatched,1,Hatched,Hatched,46,Phase.4
Wild.egg.1012,Wild.Clutch.330,ECC_33.2024.DNF.1.1,2024,Grassland,England,Shropshire,['Shropshire'],-2.7367,52.6221,4,Failed,Wild,Fertile,Hatched,1,Hatched,Hatched,46,Phase.4
Wild.egg.1013,Wild.Clutch.332,ECC_33.2024.FXF.3.1,2024,Grassland,England,Shropshire,['Shropshire'],-2.7367,52.6221,4,Failed,Wild,Fertile,Unhatched,0,Failed,~37-38,37.5,Phase.3
Wild.egg.1014,Wild.Clutch.332,ECC_33.2024.FXF.3.1,2024,Grassland,England,Shropshire,['Shropshire'],-2.7367,52.6221,4,Failed,Wild,Fertile,Hatched,1,Hatched,Hatched,46,Phase.4
Wild.egg.1015,Wild.Clutch.332,ECC_33.2024.FXF.3.1,2024,Grassland,England,Shropshire,['Shropshire'],-2.7367,52.6221,4,Failed,Wild,Fertile,Hatched,1,Hatched,Hatched,46,Phase.4
Wild.egg.1016,Wild.Clutch.332,ECC_33.2024.FXF.3.1,2024,Grassland,England,Shropshire,['Shropshire'],-2.7367,52.6221,4,Failed,Wild,Fertile,Hatched,1,Hatched,Hatched,46,Phase.4
Wild.egg.1017,Wild.Clutch.333,ECC_33.2024.MRT.2.1,2024,Grassland,England,Shropshire,['Shropshire'],-2.7367,52.6221,4,Mixed,Wild,Fertile,Hatched,1,Hatched,Hatched,46,Phase.4
Wild.abandoned.60,Wild.Clutch.334,ECC_33.2024.SPF.1.1,2024,Grassland,England,Shropshire,['Shropshire'],-2.7367,52.6221,4,Abandoned,Wild,Unknown,Unhatched,0,Abandoned,NA,NA,NA
Wild.abandoned.61,Wild.Clutch.334,ECC_33.2024.SPF.1.1,2024,Grassland,England,Shropshire,['Shropshire'],-2.7367,52.6221,4,Abandoned,Wild,Unknown,Unhatched,0,Abandoned,NA,NA,NA
Wild.abandoned.62,Wild.Clutch.334,ECC_33.2024.SPF.1.1,2024,Grassland,England,Shropshire,['Shropshire'],-2.7367,52.6221,4,Abandoned,Wild,Unknown,Unhatched,0,Abandoned,NA,NA,NA
Wild.abandoned.63,Wild.Clutch.334,ECC_33.2024.SPF.1.1,2024,Grassland,England,Shropshire,['Shropshire'],-2.7367,52.6221,4,Abandoned,Wild,Unknown,Unhatched,0,Abandoned,NA,NA,NA
Wild.egg.1018,Wild.Clutch.335,ECC_33.2024.WGC.1.1,2024,Grassland,England,Shropshire,['Shropshire'],-2.7367,52.6221,3,Failed,Wild,Fertile,Unhatched,0,Failed,~41-42,41.5,Phase.3
Wild.egg.1019,Wild.Clutch.335,ECC_33.2024.WGC.1.1,2024,Grassland,England,Shropshire,['Shropshire'],-2.7367,52.6221,3,Failed,Wild,Fertile,Hatched,1,Hatched,Hatched,46,Phase.4
Wild.egg.1020,Wild.Clutch.335,ECC_33.2024.WGC.1.1,2024,Grassland,England,Shropshire,['Shropshire'],-2.7367,52.6221,3,Failed,Wild,Fertile,Hatched,1,Hatched,Hatched,46,Phase.4
Wild.egg.1021,Wild.Clutch.336,ECC_4.2024.A,2024,Grassland,England,Lancashire,['Lancashire'],-2.4609,53.8622,4,Failed,Wild,Fertile,Hatched,1,Hatched,Hatched,46,Phase.4
Wild.egg.1022,Wild.Clutch.336,ECC_4.2024.A,2024,Grassland,England,Lancashire,['Lancashire'],-2.4609,53.8622,4,Failed,Wild,Fertile,Hatched,1,Hatched,Hatched,46,Phase.4
Wild.egg.1023,Wild.Clutch.336,ECC_4.2024.A,2024,Grassland,England,Lancashire,['Lancashire'],-2.4609,53.8622,4,Failed,Wild,Fertile,Hatched,1,Hatched,Hatched,46,Phase.4
Wild.egg.1024,Wild.Clutch.336,ECC_4.2024.A,2024,Grassland,England,Lancashire,['Lancashire'],-2.4609,53.8622,4,Failed,Wild,Unknown,Unhatched,0,Failed,NA,NA,NA
Wild.egg.1025,Wild.Clutch.337,ECC_4.2024.B,2024,Grassland,England,Lancashire,['Lancashire'],-2.4609,53.8622,4,Hatched,Wild,Fertile,Hatched,1,Hatched,Hatched,46,Phase.4
Wild.egg.1026,Wild.Clutch.337,ECC_4.2024.B,2024,Grassland,England,Lancashire,['Lancashire'],-2.4609,53.8622,4,Hatched,Wild,Fertile,Hatched,1,Hatched,Hatched,46,Phase.4
Wild.egg.1027,Wild.Clutch.337,ECC_4.2024.B,2024,Grassland,England,Lancashire,['Lancashire'],-2.4609,53.8622,4,Hatched,Wild,Fertile,Hatched,1,Hatched,Hatched,46,Phase.4
Wild.egg.1028,Wild.Clutch.337,ECC_4.2024.B,2024,Grassland,England,Lancashire,['Lancashire'],-2.4609,53.8622,4,Hatched,Wild,Fertile,Hatched,1,Hatched,Hatched,46,Phase.4
Wild.egg.1029,Wild.Clutch.338,ECC_4.2024.C,2024,Grassland,England,Lancashire,['Lancashire'],-2.4609,53.8622,3,Failed,Wild,Fertile,Unhatched,0,Failed,~42,42,Phase.3
Wild.egg.1030,Wild.Clutch.338,ECC_4.2024.C,2024,Grassland,England,Lancashire,['Lancashire'],-2.4609,53.8622,3,Failed,Wild,Fertile,Hatched,1,Hatched,Hatched,46,Phase.4
Wild.egg.1031,Wild.Clutch.338,ECC_4.2024.C,2024,Grassland,England,Lancashire,['Lancashire'],-2.4609,53.8622,3,Failed,Wild,Fertile,Hatched,1,Hatched,Hatched,46,Phase.4
Wild.egg.1032,Wild.Clutch.339,ECC_4.2024.D,2024,Grassland,England,North Yorkshire,['North Yorkshire'],-1.5503,54.0937,4,Hatched,Wild,Fertile,Hatched,1,Hatched,Hatched,46,Phase.4
Wild.egg.1033,Wild.Clutch.339,ECC_4.2024.D,2024,Grassland,England,North Yorkshire,['North Yorkshire'],-1.5503,54.0937,4,Hatched,Wild,Fertile,Hatched,1,Hatched,Hatched,46,Phase.4
Wild.egg.1034,Wild.Clutch.339,ECC_4.2024.D,2024,Grassland,England,North Yorkshire,['North Yorkshire'],-1.5503,54.0937,4,Hatched,Wild,Fertile,Hatched,1,Hatched,Hatched,46,Phase.4
Wild.egg.1035,Wild.Clutch.339,ECC_4.2024.D,2024,Grassland,England,North Yorkshire,['North Yorkshire'],-1.5503,54.0937,4,Hatched,Wild,Fertile,Hatched,1,Hatched,Hatched,46,Phase.4
Wild.egg.1036,Wild.Clutch.340,ECC_4.2024.E,2024,Grassland,England,Lancashire,['Lancashire'],-2.4609,53.8622,4,Hatched,Wild,Fertile,Hatched,1,Hatched,Hatched,46,Phase.4
Wild.egg.1037,Wild.Clutch.340,ECC_4.2024.E,2024,Grassland,England,Lancashire,['Lancashire'],-2.4609,53.8622,4,Hatched,Wild,Fertile,Hatched,1,Hatched,Hatched,46,Phase.4
Wild.egg.1038,Wild.Clutch.340,ECC_4.2024.E,2024,Grassland,England,Lancashire,['Lancashire'],-2.4609,53.8622,4,Hatched,Wild,Fertile,Hatched,1,Hatched,Hatched,46,Phase.4
Wild.egg.1039,Wild.Clutch.340,ECC_4.2024.E,2024,Grassland,England,Lancashire,['Lancashire'],-2.4609,53.8622,4,Hatched,Wild,Fertile,Hatched,1,Hatched,Hatched,46,Phase.4
Wild.egg.1040,Wild.Clutch.341,ECC_4.2024.F,2024,Grassland,England,Lancashire,['Lancashire'],-2.4609,53.8622,4,Hatched,Wild,Fertile,Hatched,1,Hatched,Hatched,46,Phase.4
Wild.egg.1041,Wild.Clutch.341,ECC_4.2024.F,2024,Grassland,England,Lancashire,['Lancashire'],-2.4609,53.8622,4,Hatched,Wild,Fertile,Hatched,1,Hatched,Hatched,46,Phase.4
Wild.egg.1042,Wild.Clutch.341,ECC_4.2024.F,2024,Grassland,England,Lancashire,['Lancashire'],-2.4609,53.8622,4,Hatched,Wild,Fertile,Hatched,1,Hatched,Hatched,46,Phase.4
Wild.egg.1043,Wild.Clutch.341,ECC_4.2024.F,2024,Grassland,England,Lancashire,['Lancashire'],-2.4609,53.8622,4,Hatched,Wild,Fertile,Hatched,1,Hatched,Hatched,46,Phase.4
Wild.egg.1044,Wild.Clutch.342,ECC_4.2024.G,2024,Grassland,England,Lancashire,['Lancashire'],-2.4609,53.8622,4,Hatched,Wild,Fertile,Hatched,1,Hatched,Hatched,46,Phase.4
Wild.egg.1045,Wild.Clutch.342,ECC_4.2024.G,2024,Grassland,England,Lancashire,['Lancashire'],-2.4609,53.8622,4,Hatched,Wild,Fertile,Hatched,1,Hatched,Hatched,46,Phase.4
Wild.egg.1046,Wild.Clutch.342,ECC_4.2024.G,2024,Grassland,England,Lancashire,['Lancashire'],-2.4609,53.8622,4,Hatched,Wild,Fertile,Hatched,1,Hatched,Hatched,46,Phase.4
Wild.egg.1047,Wild.Clutch.342,ECC_4.2024.G,2024,Grassland,England,Lancashire,['Lancashire'],-2.4609,53.8622,4,Hatched,Wild,Fertile,Hatched,1,Hatched,Hatched,46,Phase.4
Wild.egg.1048,Wild.Clutch.343,ECC_4.2024.H,2024,Grassland,England,Lancashire,['Lancashire'],-2.4609,53.8622,4,Failed,Wild,Fertile,Unhatched,0,Failed,45,45,Phase.3
Wild.egg.1049,Wild.Clutch.343,ECC_4.2024.H,2024,Grassland,England,Lancashire,['Lancashire'],-2.4609,53.8622,4,Failed,Wild,Fertile,Hatched,1,Hatched,Hatched,46,Phase.4
Wild.egg.1050,Wild.Clutch.343,ECC_4.2024.H,2024,Grassland,England,Lancashire,['Lancashire'],-2.4609,53.8622,4,Failed,Wild,Fertile,Hatched,1,Hatched,Hatched,46,Phase.4
Wild.egg.1051,Wild.Clutch.343,ECC_4.2024.H,2024,Grassland,England,Lancashire,['Lancashire'],-2.4609,53.8622,4,Failed,Wild,Fertile,Hatched,1,Hatched,Hatched,46,Phase.4
Wild.abandoned.64,Wild.Clutch.345,ECC_5.2024.ASH01(2),2024,Grassland,England,Worcestershire,['Worcestershire'],-2.2094,52.2129,3,Abandoned,Wild,Fertile,Unhatched,0,Abandoned,Cannot stage accurately,NA,NA
Wild.abandoned.65,Wild.Clutch.345,ECC_5.2024.ASH01(2),2024,Grassland,England,Worcestershire,['Worcestershire'],-2.2094,52.2129,3,Abandoned,Wild,Unclear,Unhatched,0,Abandoned,Inconclusive,NA,NA
Wild.abandoned.66,Wild.Clutch.345,ECC_5.2024.ASH01(2),2024,Grassland,England,Worcestershire,['Worcestershire'],-2.2094,52.2129,3,Abandoned,Wild,Fertile,Unhatched,0,Abandoned,~26-27,26.5,Phase.2
Wild.egg.1052,Wild.Clutch.346,ECC_5.2024.BH01_1(2),2024,Grassland,England,Worcestershire,['Worcestershire'],-2.2094,52.2129,4,Unknown,Wild,Fertile,Hatched,1,Hatched,Hatched,46,Phase.4
Wild.egg.1053,Wild.Clutch.347,ECC_5.2024.BH03,2024,Grassland,England,Worcestershire,['Worcestershire'],-2.2094,52.2129,4,Hatched,Wild,Fertile,Hatched,1,Hatched,Hatched,46,Phase.4
Wild.egg.1054,Wild.Clutch.347,ECC_5.2024.BH03,2024,Grassland,England,Worcestershire,['Worcestershire'],-2.2094,52.2129,4,Hatched,Wild,Fertile,Hatched,1,Hatched,Hatched,46,Phase.4
Wild.egg.1055,Wild.Clutch.347,ECC_5.2024.BH03,2024,Grassland,England,Worcestershire,['Worcestershire'],-2.2094,52.2129,4,Hatched,Wild,Fertile,Hatched,1,Hatched,Hatched,46,Phase.4
Wild.egg.1056,Wild.Clutch.347,ECC_5.2024.BH03,2024,Grassland,England,Worcestershire,['Worcestershire'],-2.2094,52.2129,4,Hatched,Wild,Fertile,Hatched,1,Hatched,Hatched,46,Phase.4
Wild.egg.1057,Wild.Clutch.348,ECC_5.2024.BH04,2024,Grassland,England,Worcestershire,['Worcestershire'],-2.2094,52.2129,3,Failed,Wild,Fertile,Unhatched,0,Failed,~42-43,42.5,Phase.3
Wild.egg.1058,Wild.Clutch.348,ECC_5.2024.BH04,2024,Grassland,England,Worcestershire,['Worcestershire'],-2.2094,52.2129,3,Failed,Wild,Fertile,Hatched,1,Hatched,Hatched,46,Phase.4
Wild.egg.1059,Wild.Clutch.348,ECC_5.2024.BH04,2024,Grassland,England,Worcestershire,['Worcestershire'],-2.2094,52.2129,3,Failed,Wild,Fertile,Hatched,1,Hatched,Hatched,46,Phase.4
Wild.abandoned.67,Wild.Clutch.349,ECC_5.2024.BN01,2024,Grassland,England,Worcestershire,['Worcestershire'],-2.2094,52.2129,4,Abandoned,Wild,Fertile,Unhatched,0,Abandoned,Likely early,NA,Phase.1
Wild.abandoned.68,Wild.Clutch.349,ECC_5.2024.BN01,2024,Grassland,England,Worcestershire,['Worcestershire'],-2.2094,52.2129,4,Abandoned,Wild,Fertile,Unhatched,0,Abandoned,~30,30,Phase.2
Wild.abandoned.69,Wild.Clutch.349,ECC_5.2024.BN01,2024,Grassland,England,Worcestershire,['Worcestershire'],-2.2094,52.2129,4,Abandoned,Wild,Fertile,Unhatched,0,Abandoned,Early stage,NA,Phase.1
Wild.abandoned.70,Wild.Clutch.349,ECC_5.2024.BN01,2024,Grassland,England,Worcestershire,['Worcestershire'],-2.2094,52.2129,4,Abandoned,Wild,Fertile,Unhatched,0,Abandoned,~31-33,32,Phase.2
Wild.abandoned.71,Wild.Clutch.350,ECC_5.2024.CH_ARA,2024,Arable,England,NA,NA,NA,NA,4,Abandoned,Wild,Fertile,Unhatched,0,Abandoned,Mid late 20s,NA,Phase.2
Wild.abandoned.72,Wild.Clutch.350,ECC_5.2024.CH_ARA,2024,Arable,England,NA,NA,NA,NA,4,Abandoned,Wild,Fertile,Unhatched,0,Abandoned,33-34,33.5,Phase.3
Wild.abandoned.73,Wild.Clutch.350,ECC_5.2024.CH_ARA,2024,Arable,England,NA,NA,NA,NA,4,Abandoned,Wild,Fertile,Unhatched,0,Abandoned,~34,34,Phase.3
Wild.abandoned.74,Wild.Clutch.350,ECC_5.2024.CH_ARA,2024,Arable,England,NA,NA,NA,NA,4,Abandoned,Wild,Fertile,Unhatched,0,Abandoned,~36,36,Phase.3
Wild.egg.1060,Wild.Clutch.351,ECC_5.2024.FL03_01(2),2024,Grassland,England,Worcestershire,['Worcestershire'],-2.2094,52.2129,4,Failed,Wild,Fertile,Unhatched,0,Failed,Maybe late 20s to early 30s but cannot stage accurately,NA,NA
Wild.egg.1061,Wild.Clutch.351,ECC_5.2024.FL03_01(2),2024,Grassland,England,Worcestershire,['Worcestershire'],-2.2094,52.2129,4,Failed,Wild,Fertile,Hatched,1,Hatched,Hatched,46,Phase.4
Wild.egg.1062,Wild.Clutch.351,ECC_5.2024.FL03_01(2),2024,Grassland,England,Worcestershire,['Worcestershire'],-2.2094,52.2129,4,Failed,Wild,Fertile,Hatched,1,Hatched,Hatched,46,Phase.4
Wild.egg.1063,Wild.Clutch.351,ECC_5.2024.FL03_01(2),2024,Grassland,England,Worcestershire,['Worcestershire'],-2.2094,52.2129,4,Failed,Wild,Fertile,Hatched,1,Hatched,Hatched,46,Phase.4
Wild.egg.1064,Wild.Clutch.352,ECC_5.2024.FL03_02,2024,Grassland,England,Worcestershire,['Worcestershire'],-2.2094,52.2129,4,Hatched,Wild,Fertile,Hatched,1,Hatched,Hatched,46,Phase.4
Wild.egg.1065,Wild.Clutch.352,ECC_5.2024.FL03_02,2024,Grassland,England,Worcestershire,['Worcestershire'],-2.2094,52.2129,4,Hatched,Wild,Fertile,Hatched,1,Hatched,Hatched,46,Phase.4
Wild.egg.1066,Wild.Clutch.352,ECC_5.2024.FL03_02,2024,Grassland,England,Worcestershire,['Worcestershire'],-2.2094,52.2129,4,Hatched,Wild,Fertile,Hatched,1,Hatched,Hatched,46,Phase.4
Wild.egg.1067,Wild.Clutch.352,ECC_5.2024.FL03_02,2024,Grassland,England,Worcestershire,['Worcestershire'],-2.2094,52.2129,4,Hatched,Wild,Fertile,Hatched,1,Hatched,Hatched,46,Phase.4
Wild.egg.1068,Wild.Clutch.354,ECC_5.2024.MN03,2024,Grassland,England,Gloucestershire,['Gloucestershire'],-2.1524,51.8197,4,Unknown,Wild,Fertile,Hatched,1,Hatched,Hatched,46,Phase.4
Wild.egg.1069,Wild.Clutch.354,ECC_5.2024.MN03,2024,Grassland,England,Gloucestershire,['Gloucestershire'],-2.1524,51.8197,4,Unknown,Wild,Fertile,Hatched,1,Hatched,Hatched,46,Phase.4
Wild.egg.1070,Wild.Clutch.355,ECC_5.2024.MN16,2024,Grassland,England,Gloucestershire,['Gloucestershire'],-2.1524,51.8197,4,Failed,Wild,Fertile,Unhatched,0,Failed,~42,42,Phase.3
Wild.egg.1071,Wild.Clutch.355,ECC_5.2024.MN16,2024,Grassland,England,Gloucestershire,['Gloucestershire'],-2.1524,51.8197,4,Failed,Wild,Fertile,Unhatched,0,Failed,~42-43,42.5,Phase.3
Wild.egg.1072,Wild.Clutch.355,ECC_5.2024.MN16,2024,Grassland,England,Gloucestershire,['Gloucestershire'],-2.1524,51.8197,4,Failed,Wild,Fertile,Hatched,1,Hatched,Hatched,46,Phase.4
Wild.egg.1073,Wild.Clutch.355,ECC_5.2024.MN16,2024,Grassland,England,Gloucestershire,['Gloucestershire'],-2.1524,51.8197,4,Failed,Wild,Fertile,Hatched,1,Hatched,Hatched,46,Phase.4
Wild.abandoned.75,Wild.Clutch.358,ECC_5.2024.UP01(2),2024,Grassland,England,Worcestershire,['Worcestershire'],-2.2094,52.2129,4,Abandoned,Wild,Fertile,Unhatched,0,Abandoned,Early stage,NA,Phase.1
Wild.abandoned.76,Wild.Clutch.358,ECC_5.2024.UP01(2),2024,Grassland,England,Worcestershire,['Worcestershire'],-2.2094,52.2129,4,Abandoned,Wild,Unknown,Unhatched,0,Abandoned,NA,NA,NA
Wild.abandoned.77,Wild.Clutch.358,ECC_5.2024.UP01(2),2024,Grassland,England,Worcestershire,['Worcestershire'],-2.2094,52.2129,4,Abandoned,Wild,Unknown,Unhatched,0,Abandoned,NA,NA,NA
Wild.abandoned.78,Wild.Clutch.358,ECC_5.2024.UP01(2),2024,Grassland,England,Worcestershire,['Worcestershire'],-2.2094,52.2129,4,Abandoned,Wild,Unknown,Unhatched,0,Abandoned,NA,NA,NA
Wild.egg.1074,Wild.Clutch.364,ECC_6.2024.Butterfield,2024,Grassland,England,Cumbria,['Cumbria'],-2.9021,54.6364,4,Failed,Wild,Fertile,Unhatched,0,Failed,45,45,Phase.3
Wild.egg.1075,Wild.Clutch.364,ECC_6.2024.Butterfield,2024,Grassland,England,Cumbria,['Cumbria'],-2.9021,54.6364,4,Failed,Wild,Fertile,Unhatched,0,Failed,45,45,Phase.3
Wild.egg.1076,Wild.Clutch.364,ECC_6.2024.Butterfield,2024,Grassland,England,Cumbria,['Cumbria'],-2.9021,54.6364,4,Failed,Wild,Fertile,Hatched,1,Hatched,Hatched,46,Phase.4
Wild.egg.1077,Wild.Clutch.364,ECC_6.2024.Butterfield,2024,Grassland,England,Cumbria,['Cumbria'],-2.9021,54.6364,4,Failed,Wild,Fertile,Hatched,1,Hatched,Hatched,46,Phase.4
Wild.egg.1078,Wild.Clutch.365,ECC_6.2024.Capplerigg.South,2024,Grassland,England,Cumbria,['Cumbria'],-2.9021,54.6364,4,Hatched,Wild,Fertile,Hatched,1,Hatched,Hatched,46,Phase.4
Wild.egg.1079,Wild.Clutch.365,ECC_6.2024.Capplerigg.South,2024,Grassland,England,Cumbria,['Cumbria'],-2.9021,54.6364,4,Hatched,Wild,Fertile,Hatched,1,Hatched,Hatched,46,Phase.4
Wild.egg.1080,Wild.Clutch.365,ECC_6.2024.Capplerigg.South,2024,Grassland,England,Cumbria,['Cumbria'],-2.9021,54.6364,4,Hatched,Wild,Fertile,Hatched,1,Hatched,Hatched,46,Phase.4
Wild.egg.1081,Wild.Clutch.365,ECC_6.2024.Capplerigg.South,2024,Grassland,England,Cumbria,['Cumbria'],-2.9021,54.6364,4,Hatched,Wild,Fertile,Hatched,1,Hatched,Hatched,46,Phase.4
Wild.egg.1082,Wild.Clutch.366,ECC_6.2024.Cotrams,2024,Grassland,England,Cumbria,['Cumbria'],-2.9021,54.6364,4,Hatched,Wild,Fertile,Hatched,1,Hatched,Hatched,46,Phase.4
Wild.egg.1083,Wild.Clutch.366,ECC_6.2024.Cotrams,2024,Grassland,England,Cumbria,['Cumbria'],-2.9021,54.6364,4,Hatched,Wild,Fertile,Hatched,1,Hatched,Hatched,46,Phase.4
Wild.egg.1084,Wild.Clutch.366,ECC_6.2024.Cotrams,2024,Grassland,England,Cumbria,['Cumbria'],-2.9021,54.6364,4,Hatched,Wild,Fertile,Hatched,1,Hatched,Hatched,46,Phase.4
Wild.egg.1085,Wild.Clutch.366,ECC_6.2024.Cotrams,2024,Grassland,England,Cumbria,['Cumbria'],-2.9021,54.6364,4,Hatched,Wild,Fertile,Hatched,1,Hatched,Hatched,46,Phase.4
Wild.egg.1086,Wild.Clutch.367,ECC_6.2024.Dobsons,2024,Grassland,England,Cumbria,['Cumbria'],-2.9021,54.6364,4,Failed,Wild,Unknown,Unhatched,0,Failed,Unknown,NA,NA
Wild.egg.1087,Wild.Clutch.367,ECC_6.2024.Dobsons,2024,Grassland,England,Cumbria,['Cumbria'],-2.9021,54.6364,4,Failed,Wild,Unknown,Unhatched,0,Failed,Unknown,NA,NA
Wild.egg.1088,Wild.Clutch.367,ECC_6.2024.Dobsons,2024,Grassland,England,Cumbria,['Cumbria'],-2.9021,54.6364,4,Failed,Wild,Fertile,Unhatched,0,Failed,~40-41,40.5,Phase.3
Wild.egg.1089,Wild.Clutch.367,ECC_6.2024.Dobsons,2024,Grassland,England,Cumbria,['Cumbria'],-2.9021,54.6364,4,Failed,Wild,Fertile,Unhatched,0,Failed,~38,38,Phase.3
Wild.egg.1090,Wild.Clutch.369,ECC_6.2024.Lane.End,2024,Wetland,England,Cumbria,['Cumbria'],-2.9021,54.6364,4,Mixed,Wild,Fertile,Unhatched,0,Failed,42,42,Phase.3
Wild.egg.1091,Wild.Clutch.369,ECC_6.2024.Lane.End,2024,Wetland,England,Cumbria,['Cumbria'],-2.9021,54.6364,4,Mixed,Wild,Fertile,Hatched,1,Hatched,Hatched,46,Phase.4
Wild.egg.1092,Wild.Clutch.369,ECC_6.2024.Lane.End,2024,Wetland,England,Cumbria,['Cumbria'],-2.9021,54.6364,4,Mixed,Wild,Fertile,Hatched,1,Hatched,Hatched,46,Phase.4
Wild.egg.1093,Wild.Clutch.370,ECC_6.2024.Lindeth,2024,Wetland,England,Cumbria,['Cumbria'],-2.9021,54.6364,4,Hatched,Wild,Fertile,Hatched,1,Hatched,Hatched,46,Phase.4
Wild.egg.1094,Wild.Clutch.370,ECC_6.2024.Lindeth,2024,Wetland,England,Cumbria,['Cumbria'],-2.9021,54.6364,4,Hatched,Wild,Fertile,Hatched,1,Hatched,Hatched,46,Phase.4
Wild.egg.1095,Wild.Clutch.370,ECC_6.2024.Lindeth,2024,Wetland,England,Cumbria,['Cumbria'],-2.9021,54.6364,4,Hatched,Wild,Fertile,Hatched,1,Hatched,Hatched,46,Phase.4
Wild.egg.1096,Wild.Clutch.370,ECC_6.2024.Lindeth,2024,Wetland,England,Cumbria,['Cumbria'],-2.9021,54.6364,4,Hatched,Wild,Fertile,Hatched,1,Hatched,Hatched,46,Phase.4
Wild.egg.1097,Wild.Clutch.371,ECC_6.2024.Metcalfes.North,2024,Grassland,England,Cumbria,['Cumbria'],-2.9021,54.6364,4,Failed,Wild,Fertile,Unhatched,0,Failed,45,45,Phase.3
Wild.egg.1098,Wild.Clutch.371,ECC_6.2024.Metcalfes.North,2024,Grassland,England,Cumbria,['Cumbria'],-2.9021,54.6364,4,Failed,Wild,Fertile,Hatched,1,Hatched,Hatched,46,Phase.4
Wild.egg.1099,Wild.Clutch.371,ECC_6.2024.Metcalfes.North,2024,Grassland,England,Cumbria,['Cumbria'],-2.9021,54.6364,4,Failed,Wild,Fertile,Hatched,1,Hatched,Hatched,46,Phase.4
Wild.egg.1100,Wild.Clutch.371,ECC_6.2024.Metcalfes.North,2024,Grassland,England,Cumbria,['Cumbria'],-2.9021,54.6364,4,Failed,Wild,Fertile,Hatched,1,Hatched,Hatched,46,Phase.4
Wild.egg.1101,Wild.Clutch.372,ECC_6.2024.Oakbank,2024,Grassland,England,Cumbria,['Cumbria'],-2.9021,54.6364,5,Hatched,Wild,Fertile,Hatched,1,Hatched,Hatched,46,Phase.4
Wild.egg.1102,Wild.Clutch.372,ECC_6.2024.Oakbank,2024,Grassland,England,Cumbria,['Cumbria'],-2.9021,54.6364,5,Hatched,Wild,Fertile,Hatched,1,Hatched,Hatched,46,Phase.4
Wild.egg.1103,Wild.Clutch.372,ECC_6.2024.Oakbank,2024,Grassland,England,Cumbria,['Cumbria'],-2.9021,54.6364,5,Hatched,Wild,Fertile,Hatched,1,Hatched,Hatched,46,Phase.4
Wild.egg.1104,Wild.Clutch.372,ECC_6.2024.Oakbank,2024,Grassland,England,Cumbria,['Cumbria'],-2.9021,54.6364,5,Hatched,Wild,Fertile,Hatched,1,Hatched,Hatched,46,Phase.4
Wild.egg.1105,Wild.Clutch.372,ECC_6.2024.Oakbank,2024,Grassland,England,Cumbria,['Cumbria'],-2.9021,54.6364,5,Hatched,Wild,Fertile,Hatched,1,Hatched,Hatched,46,Phase.4
Wild.egg.1106,Wild.Clutch.373,ECC_6.2024.Overthwaite,2024,Grassland,England,Cumbria,['Cumbria'],-2.9021,54.6364,4,Failed,Wild,Fertile,Unhatched,0,Failed,Likely early stage,NA,Phase.1
Wild.egg.1107,Wild.Clutch.373,ECC_6.2024.Overthwaite,2024,Grassland,England,Cumbria,['Cumbria'],-2.9021,54.6364,4,Failed,Wild,Fertile,Unhatched,0,Failed,~26-27,26.5,Phase.2
Wild.egg.1108,Wild.Clutch.373,ECC_6.2024.Overthwaite,2024,Grassland,England,Cumbria,['Cumbria'],-2.9021,54.6364,4,Failed,Wild,Fertile,Hatched,1,Hatched,Hatched,46,Phase.4
Wild.egg.1109,Wild.Clutch.373,ECC_6.2024.Overthwaite,2024,Grassland,England,Cumbria,['Cumbria'],-2.9021,54.6364,4,Failed,Wild,Fertile,Hatched,1,Hatched,Hatched,46,Phase.4
Wild.egg.1110,Wild.Clutch.375,ECC_6.2024.Parsons.South,2024,Grassland,England,Cumbria,['Cumbria'],-2.9021,54.6364,3,Failed,Wild,Fertile,Hatched,1,Hatched,Hatched,46,Phase.4
Wild.egg.1111,Wild.Clutch.375,ECC_6.2024.Parsons.South,2024,Grassland,England,Cumbria,['Cumbria'],-2.9021,54.6364,3,Failed,Wild,Fertile,Hatched,1,Hatched,Hatched,46,Phase.4
Wild.egg.1112,Wild.Clutch.375,ECC_6.2024.Parsons.South,2024,Grassland,England,Cumbria,['Cumbria'],-2.9021,54.6364,3,Failed,Wild,Unknown,Unhatched,0,Failed,NA,NA,NA
Wild.egg.1113,Wild.Clutch.376,ECC_6.2024.Taylors,2024,Grassland,England,Cumbria,['Cumbria'],-2.9021,54.6364,4,Unknown,Wild,Fertile,Hatched,1,Hatched,Hatched,46,Phase.4
Wild.egg.1114,Wild.Clutch.376,ECC_6.2024.Taylors,2024,Grassland,England,Cumbria,['Cumbria'],-2.9021,54.6364,4,Unknown,Wild,Fertile,Hatched,1,Hatched,Hatched,46,Phase.4
Wild.egg.1115,Wild.Clutch.376,ECC_6.2024.Taylors,2024,Grassland,England,Cumbria,['Cumbria'],-2.9021,54.6364,4,Unknown,Wild,Fertile,Hatched,1,Hatched,Hatched,46,Phase.4
Wild.egg.1116,Wild.Clutch.377,ECC_6.2024.Terrys,2024,Grassland,England,Cumbria,['Cumbria'],-2.9021,54.6364,4,Hatched,Wild,Fertile,Hatched,1,Hatched,Hatched,46,Phase.4
Wild.egg.1117,Wild.Clutch.377,ECC_6.2024.Terrys,2024,Grassland,England,Cumbria,['Cumbria'],-2.9021,54.6364,4,Hatched,Wild,Fertile,Hatched,1,Hatched,Hatched,46,Phase.4
Wild.egg.1118,Wild.Clutch.377,ECC_6.2024.Terrys,2024,Grassland,England,Cumbria,['Cumbria'],-2.9021,54.6364,4,Hatched,Wild,Fertile,Hatched,1,Hatched,Hatched,46,Phase.4
Wild.egg.1119,Wild.Clutch.377,ECC_6.2024.Terrys,2024,Grassland,England,Cumbria,['Cumbria'],-2.9021,54.6364,4,Hatched,Wild,Fertile,Hatched,1,Hatched,Hatched,46,Phase.4
Wild.egg.1120,Wild.Clutch.379,ECC_6.2024.Tonias,2024,Grassland,England,Cumbria,['Cumbria'],-2.9021,54.6364,3,Failed,Wild,Fertile,Unhatched,0,Failed,39,39,Phase.3
Wild.egg.1121,Wild.Clutch.379,ECC_6.2024.Tonias,2024,Grassland,England,Cumbria,['Cumbria'],-2.9021,54.6364,3,Failed,Wild,Fertile,Hatched,1,Hatched,Hatched,46,Phase.4
Wild.egg.1122,Wild.Clutch.379,ECC_6.2024.Tonias,2024,Grassland,England,Cumbria,['Cumbria'],-2.9021,54.6364,3,Failed,Wild,Fertile,Hatched,1,Hatched,Hatched,46,Phase.4
Wild.egg.1123,Wild.Clutch.380,ECC_6.2024.Whasdyke,2024,Mixed,England,Cumbria,['Cumbria'],-2.9021,54.6364,4,Hatched,Wild,Fertile,Hatched,1,Hatched,Hatched,46,Phase.4
Wild.egg.1124,Wild.Clutch.380,ECC_6.2024.Whasdyke,2024,Mixed,England,Cumbria,['Cumbria'],-2.9021,54.6364,4,Hatched,Wild,Fertile,Hatched,1,Hatched,Hatched,46,Phase.4
Wild.egg.1125,Wild.Clutch.380,ECC_6.2024.Whasdyke,2024,Mixed,England,Cumbria,['Cumbria'],-2.9021,54.6364,4,Hatched,Wild,Fertile,Hatched,1,Hatched,Hatched,46,Phase.4
Wild.egg.1126,Wild.Clutch.380,ECC_6.2024.Whasdyke,2024,Mixed,England,Cumbria,['Cumbria'],-2.9021,54.6364,4,Hatched,Wild,Fertile,Hatched,1,Hatched,Hatched,46,Phase.4
Wild.egg.1127,Wild.Clutch.381,ECC_6.2024.Wilsons.Left,2024,Wetland,England,Cumbria,['Cumbria'],-2.9021,54.6364,3,Mixed,Wild,Fertile,Unhatched,0,Failed,37,37,Phase.3
Wild.egg.1128,Wild.Clutch.381,ECC_6.2024.Wilsons.Left,2024,Wetland,England,Cumbria,['Cumbria'],-2.9021,54.6364,3,Mixed,Wild,Fertile,Unhatched,0,Failed,~37,37,Phase.3
